pid,diseases,modalities,disease_list,refined_general_category_final,stemmed_modalities,modality_category
32943286,"[""lung transplant rejection"", ""graft loss""]","[""transbronchial biopsies"", ""mucosal biopsies"", ""gene expression microarrays""]","['lung transplant rejection', 'graft loss']",Transplant and Surgery,"['transbronchi biopsi', 'mucos biopsi', 'gene express microarray']",Laboratory Data
29886760,"[""Severe Neonatal Morbidity"", ""neonatal death""]","[""Maternal age"", ""reason for admission"", ""Gestational age"", ""optimal steroid use""]","['Severe Neonatal Morbidity', 'neonatal death']",Neonatal and Pregnancy-Related Conditions,"['matern age', 'reason for admiss', 'gestat age', 'optim steroid use']",Clinical and Health Records
30262516,"[""Cardiovascular"",""obstructive coronary artery disease""]","[""SPECT Myocardial Perfusion Imaging"", ""MPI""]","['Cardiovascular', 'obstructive coronary artery disease']",Cardiovascular and Vascular Diseases,"['spect myocardi perfus imag', 'mpi']",Imaging Data
36332954,"[""anxiety disorders"",""mental health""]","[""Self-report questionnaires"", ""Semi-structured qualitative interviews""]","['anxiety disorders', 'mental health']",Psychiatric and Mental Health Disorders,"['self-report questionnair', 'semi-structur qualit interview']",Self-reported & Survey Data
30807586,"[""Juvenile Idiopathic Arthritis""]","[""Clinical data"", ""Joint involvement data"", ""laboratory parameters"", ""immunological markers""]",['Juvenile Idiopathic Arthritis'],Musculoskeletal and Rheumatic Disorders,"['clinic data', 'joint involv data', 'laboratori paramet', 'immunolog marker']",Clinical and Health Records
38469689,"[""Coronary artery disease""]","[""Quantitative coronary plaque analysis"", ""CT angiography"", ""FFRCT"",""CT scan""]",['Coronary artery disease'],Cardiovascular and Vascular Diseases,"['quantit coronari plaqu analysi', 'ct angiographi', 'ffrct', 'ct scan']",Imaging Data
31150083,"[""In-Hospital Cardiac Arrest""]","[""electrocardiogram"", ""neurological status"",""ECG"", ""CPC"",""Clinical data""]",['In-Hospital Cardiac Arrest'],Cardiovascular and Vascular Diseases,"['electrocardiogram', 'neurolog statu', 'ecg', 'cpc', 'clinic data']",Neurophysiological Data
29550305,"[""obstructive coronary artery disease""]","[""myocardial perfusion imaging (MPI)"", ""MPI""]",['obstructive coronary artery disease'],Cardiovascular and Vascular Diseases,"['myocardi perfus imag ( mpi )', 'mpi']",Imaging Data
29581092,"[""Parkinson's disease"", ""PD""]","[""typing data"", ""keystroke metrics""]","[""Parkinson's disease"", 'PD']",Neurological Disorders,"['type data', 'keystrok metric']",Clinical and Health Records
29664902,"[""ADHD"", ""Autism"",""neurodevelopmental disorders""]","[""MRI"", ""fMRI""]","['ADHD', 'Autism', 'neurodevelopmental disorders']",Neurological Disorders,"['mri', 'fmri']",Imaging Data
30025851,"[""pharmaco-resistant focal epilepsies"", ""epilepsy""]","[""intracranial electroencephalography (iEEG)"", ""cortico-cortical evoked potentials"",""iEEG"", ""CCEP""]","['pharmaco-resistant focal epilepsies', 'epilepsy']",Neurological Disorders,"['intracrani electroencephalographi ( ieeg )', 'cortico-cort evok potenti', 'ieeg', 'ccep']",Neurophysiological Data
33233605,"[""dementia""]","[""social interaction, robot interventions""]",['dementia'],Neurological Disorders,"['social interact , robot intervent']",Environmental and Social Data
30171211,"[""bipolar disorders""]","[""MRI"", ""structural MRI""]",['bipolar disorders'],Psychiatric and Mental Health Disorders,"['mri', 'structur mri']",Imaging Data
38563856,"[""brain metastases"", ""primary cancers"",""breast cancer"", ""lung cancer"", ""melanoma"", ""renal cancer"", ""colon cancer""]","[""spatial distribution"", ""spatial coordinates"", ""age at treatment"", ""target volume"",""sex""]","['brain metastases', 'primary cancers', 'breast cancer', 'lung cancer', 'melanoma', 'renal cancer', 'colon cancer']",Respiratory and Lung Conditions,"['spatial distribut', 'spatial coordin', 'age at treatment', 'target volum', 'sex']",Clinical and Health Records
30461117,"[""adolescent alcohol use""]","[""psychopathology"", ""personality clusters""]",['adolescent alcohol use'],Other,"['psychopatholog', 'person cluster']",Environmental and Social Data
30523141,"[""medulloblastoma""]","[""MR imaging"", ""T1-weighted images"", ""T2-weighted images"", ""MRI"", ""intensity-based histograms"", ""tumor edge-sharpness"", ""Gabor features"", ""local area integral invariant features""]",['medulloblastoma'],Cancer and Oncology,"['mr imag', 't1-weight imag', 't2-weight imag', 'mri', 'intensity-bas histogram', 'tumor edge-sharp', 'gabor featur', 'local area integr invari featur']",Imaging Data
30773443,"[""lung transplant rejection""]","[""biopsy"", ""transcriptomics"","" ""gene expression microarrays""]",['lung transplant rejection'],Transplant and Surgery,[],Other
30947300,"[""degenerative cervical myelopathy""]","[""clinical variables"", ""patient demographics"", ""comorbidities""]",['degenerative cervical myelopathy'],Musculoskeletal and Rheumatic Disorders,"['clinic variabl', 'patient demograph', 'comorbid']",Clinical and Health Records
31055684,,,[],Other,[],Other
33753312,"[""Depression""]","[""clinical variables"", ""cognitive variables"", ""environmental variables"", ""structural MRI""]
",['Depression'],Psychiatric and Mental Health Disorders,"['clinic variabl', 'cognit variabl', 'environment variabl', 'structur mri']",Clinical and Health Records
31352417,"[""Cardiovascular Disease"", ""Breast Cancer""]","[""CT Scans""]","['Cardiovascular Disease', 'Breast Cancer']",Cancer and Oncology,['ct scan'],Imaging Data
31393626,"[""Epilepsy""]","[""diffusion tensor imaging (DTI)"", ""resting-state magnetoencephalography (MEG)"", ""clinical covariates""]",['Epilepsy'],Neurological Disorders,"['diffus tensor imag ( dti )', 'resting-st magnetoencephalographi ( meg )', 'clinic covari']",Imaging Data
31417602,"[""rare genetic diseases""]","[""facial photographs"", ""clinical traits"", ""genetic information""]",['rare genetic diseases'],Rare Diseases,"['facial photograph', 'clinic trait', 'genet inform']",Imaging Data
31472262,"[""Vascular disease"", ""Dementia""]","[""FLAIR MRI"", ""clinical data""]","['Vascular disease', 'Dementia']",Neurological Disorders,"['flair mri', 'clinic data']",Imaging Data
31622838,"[""Myocardial Infarction""]","[""Cine MR"",""MRI""]",['Myocardial Infarction'],Cardiovascular and Vascular Diseases,"['cine mr', 'mri']",Imaging Data
31728792,"[""intrahepatic cholangiocarcinoma"",""ICC""]","[""clinical data""]","['intrahepatic cholangiocarcinoma', 'ICC']",Cancer and Oncology,['clinic data'],Clinical and Health Records
33772335,"[""cervical cancer""]","[""PET images""]",['cervical cancer'],Cancer and Oncology,['pet imag'],Imaging Data
31800431,"[""surgical performance""]","[""Virtual reality"", ""Simulation""]",['surgical performance'],Surgical and Trauma Conditions,"['virtual realiti', 'simul']",Digital Health & Wearable Devices
31845024,"[""lower gastrointestinal bleeding""]","[""clinical data""]",['lower gastrointestinal bleeding'],Other,['clinic data'],Clinical and Health Records
31981624,"[""asthma"", ""immune response disorders""]","[""genomics"", ""imputed HLA alleles"",""total serum IgE (tIgE)""]","['asthma', 'immune response disorders']",Respiratory and Lung Conditions,"['genom', 'imput hla allel', 'total serum ige ( tige )']",Genomic and Molecular Data
37741065,"[""epilepsy"", ""cognitive flexibility impairments""]","[""stereoelectroencephalography (sEEG)"", ""local-field potentials (LFPs)"", ""EEG""]","['epilepsy', 'cognitive flexibility impairments']",Neurological Disorders,"['stereoelectroencephalographi ( seeg )', 'local-field potenti ( lfp )', 'eeg']",Neurophysiological Data
32161279,"[""head and neck cancer""]","[""radiomics"", ""CT images""]",['head and neck cancer'],Cancer and Oncology,"['radiom', 'ct imag']",Imaging Data
32165206,"[""malignant pleural mesothelioma"", ""transitional mesothelioma""]","[""digital pathology"", ""histopathologic slides"", ""RNA sequencing""]","['malignant pleural mesothelioma', 'transitional mesothelioma']",Rare Diseases,"['digit patholog', 'histopatholog slide', 'rna sequenc']",Digital Health & Wearable Devices
38542033,"[""Acute Respiratory Distress Syndrome""]","[""Clinical Data"", ""Physiological Monitoring Data""]",['Acute Respiratory Distress Syndrome'],Respiratory and Lung Conditions,"['clinic data', 'physiolog monitor data']",Clinical and Health Records
32174330,"[""Heart failure""]","[""Cardiac imaging"",""Cardiac MRI""]",['Heart failure'],Cardiovascular and Vascular Diseases,"['cardiac imag', 'cardiac mri']",Imaging Data
32304875,"[""heart failure""]","[""electronic medical records"", ""ICD codes"", ""discharge summaries""]",['heart failure'],Cardiovascular and Vascular Diseases,"['electron medic record', 'icd code', 'discharg summari']",Clinical and Health Records
32767763,"[""epilepsy"", ""neurodevelopmental disorders""]","[""EEG"", ""MRI"", ""genomic data"", ""clinical data"", ""fMRI""]","['epilepsy', 'neurodevelopmental disorders']",Neurological Disorders,"['eeg', 'mri', 'genom data', 'clinic data', 'fmri']",Neurophysiological Data
33962603,"[""respiratory disorders"", ""COPD"", ""Asthma"", ""Interstitial lung disorders"", ""ARDS"", ""Pneumonia""]","[""Clinical data"", ""Ventilation parameters"", ""Serum creatinine"", ""Serum bilirubin"", ""pH"", ""PaCO2""]","['respiratory disorders', 'COPD', 'Asthma', 'Interstitial lung disorders', 'ARDS', 'Pneumonia']",Respiratory and Lung Conditions,"['clinic data', 'ventil paramet', 'serum creatinin', 'serum bilirubin', 'ph', 'paco2']",Clinical and Health Records
32673230,,"[""Consultation notes""]",[],Other,['consult note'],Clinical and Health Records
32719123,"[""relationship quality""]","[""self-report data"", ""longitudinal data""]",['relationship quality'],Other,"['self-report data', 'longitudin data']",Self-reported & Survey Data
32816765,"[""pediatric brain tumors"",""pediatric posterior fossa tumors"", ""diffuse midline glioma"", ""medulloblastoma"", ""ependymoma"", ""pilocytic astrocytoma""]","[""MR imaging"", ""T2-weighted MRI"", ""MRI""]","['pediatric brain tumors', 'pediatric posterior fossa tumors', 'diffuse midline glioma', 'medulloblastoma', 'ependymoma', 'pilocytic astrocytoma']",Cancer and Oncology,"['mr imag', 't2-weight mri', 'mri']",Imaging Data
37789357,"[""acute care assessment""]","[""presenting complaint"", ""clinical modifiers"", ""age"", ""sex"", ""self-reported pain""]",['acute care assessment'],Critical Care,"['present complaint', 'clinic modifi', 'age', 'sex', 'self-report pain']",Imaging Data
38607809,"[""alcohol-associated hepatitis""]","[""clinical data"", ""biomarker data""]",['alcohol-associated hepatitis'],Infectious Diseases,"['clinic data', 'biomark data']",Clinical and Health Records
38621801,"[""chronic kidney disease""]","[""Clinical Data"", ""population-based data""]",['chronic kidney disease'],Kidney and Renal Diseases,"['clinic data', 'population-bas data']",Clinical and Health Records
33033241,"[""Obsessive-Compulsive Disorder""]","[""Structural MRI"", ""MRI""]",['Obsessive-Compulsive Disorder'],Neurological Disorders,"['structur mri', 'mri']",Imaging Data
33074746,"[""Autism Spectrum Disorder""]","[""Functional MRI"",""fMRI""]",['Autism Spectrum Disorder'],Neurological Disorders,"['function mri', 'fmri']",Imaging Data
34863649,"[""heart failure""]","[""echocardiography"",""2D Videos"", ""echocardiograms""]",['heart failure'],Cardiovascular and Vascular Diseases,"['echocardiographi', '2d video', 'echocardiogram']",Imaging Data
34864143,"[""chronic obstructive pulmonary disease""]","[""EMR data"", ""clinical data""]",['chronic obstructive pulmonary disease'],Respiratory and Lung Conditions,"['emr data', 'clinic data']",Clinical and Health Records
34104876,"[""preterm birth""]","[""metabolomic markers"", ""birth weight"", ""sex"", ""clinical data""]",['preterm birth'],Neonatal and Pregnancy-Related Conditions,"['metabolom marker', 'birth weight', 'sex', 'clinic data']",Clinical and Health Records
34131749,"[""Peripheral Nerve Sheath Tumors"",""PNSTs""]","[""MRI"", ""radiomics data"", ""clinical data""]","['Peripheral Nerve Sheath Tumors', 'PNSTs']",Rare Diseases,"['mri', 'radiom data', 'clinic data']",Imaging Data
38456877,"[""coronary artery disease"", ""cardiovascular disease""]","[""CT attenuation imaging"", ""myocardial perfusion imaging"",""CT scan""]","['coronary artery disease', 'cardiovascular disease']",Cardiovascular and Vascular Diseases,"['ct attenu imag', 'myocardi perfus imag', 'ct scan']",Imaging Data
34228341,"[""coronary artery disease""]","[""SPECT imaging"", ""clinical variables"", ""myocardial perfusion imaging (MPI)""]",['coronary artery disease'],Cardiovascular and Vascular Diseases,"['spect imag', 'clinic variabl', 'myocardi perfus imag ( mpi )']",Clinical and Health Records
34773974,"[""Multiple Sclerosis"", ""Psoriasis"", ""Axial Spondyloarthritis"", ""Psoriatic arthritis"", ""Rheumatoid arthritis""]","[""Clinical trial data"", ""MRI imaging"", ""Genomic data"", ""Proteomic data"", ""Transcriptomic data""]","['Multiple Sclerosis', 'Psoriasis', 'Axial Spondyloarthritis', 'Psoriatic arthritis', 'Rheumatoid arthritis']",Neurological Disorders,"['clinic trial data', 'mri imag', 'genom data', 'proteom data', 'transcriptom data']",Imaging Data
37813086,"[""Aortic arch"",""embolic stroke of undetermined source"", ""aortic arch atherosclerosis""]","[""computed tomography angiography"", ""CT""]","['Aortic arch', 'embolic stroke of undetermined source', 'aortic arch atherosclerosis']",Cardiovascular and Vascular Diseases,"['comput tomographi angiographi', 'ct']",Imaging Data
38598191,"[""frailty"", ""postoperative complications""]","[""CT imaging"", ""electronic health records"",""CT""]","['frailty', 'postoperative complications']",Transplant and Surgery,"['ct imag', 'electron health record', 'ct']",Imaging Data
34829396,"[""Lung Conditions""]","[""Lung Ultrasound""]",['Lung Conditions'],Respiratory and Lung Conditions,['lung ultrasound'],Imaging Data
34710675,"[""Major Depressive Disorder (MDD)""]","[""T1-weighted MRI scans"",""MRI""]",['Major Depressive Disorder (MDD)'],Psychiatric and Mental Health Disorders,"['t1-weight mri scan', 'mri']",Imaging Data
34810001,"[""invasive pneumococcal disease""]","[""laboratory-confirmed cases"",""clinical data""]",['invasive pneumococcal disease'],Infectious Diseases,"['laboratory-confirm case', 'clinic data']",Clinical and Health Records
35006495,"[""disease on chest radiographs (CXR)"", ""thoracic disease""]","[""Chest X-rays (CXR)"", ""Frontal images (AP/PA)""]","['disease on chest radiographs (CXR)', 'thoracic disease']",Other,"['chest x-ray ( cxr )', 'frontal imag ( ap/pa )']",Imaging Data
35021305,"[""Infertility"", ""Varicocele""]","[""Clinical Data"", ""Hormonal Data"", ""Semen Analysis Data""]","['Infertility', 'Varicocele']",Reproductive Health,"['clinic data', 'hormon data', 'semen analysi data']",Clinical and Health Records
35138012,"[""Alzheimer's disease"", ""Mild cognitive impairment""]","[""MRI""]","[""Alzheimer's disease"", 'Mild cognitive impairment']",Neurological Disorders,['mri'],Imaging Data
35225756,"[""bipolar disorder""]","[""genetic data"", ""clinical data""]",['bipolar disorder'],Psychiatric and Mental Health Disorders,"['genet data', 'clinic data']",Genomic and Molecular Data
37839909,"[""Major Depressive Disorder""]","[""clinical data"", ""demographic data""]",['Major Depressive Disorder'],Psychiatric and Mental Health Disorders,"['clinic data', 'demograph data']",Clinical and Health Records
35322668,"[""Acute Myocardial Infarction""]","[""Electronic Health Records (EHR)"", ""Clinical Notes"", ""Administrative Data""]",['Acute Myocardial Infarction'],Cardiovascular and Vascular Diseases,"['electron health record ( ehr )', 'clinic note', 'administr data']",Clinical and Health Records
35379856,"[""COVID-19""]","[""Chest X-rays""]",['COVID-19'],Respiratory and Lung Conditions,['chest x-ray'],Imaging Data
35381453,"[""imputation""]","[""Clinical Records"", ""Imaging Data""]",['imputation'],Other,"['clinic record', 'imag data']",Clinical and Health Records
35426912,"[""imputation""]","[""Electronic Health Records"", ""Population Brain Imaging"", ""Health Survey"", ""Intensive Care Surveys""]",['imputation'],Other,"['electron health record', 'popul brain imag', 'health survey', 'intens care survey']",Clinical and Health Records
35727872,"[""coronary artery disease""]","[""myocardial perfusion SPECT""]",['coronary artery disease'],Cardiovascular and Vascular Diseases,['myocardi perfus spect'],Imaging Data
37900603,"[""traumatic spinal cord injury""]","[""patient demographics"", ""baseline injury characteristics"", ""admission"", ""clinical data""]",['traumatic spinal cord injury'],Surgical and Trauma Conditions,"['patient demograph', 'baselin injuri characterist', 'admiss', 'clinic data']",Clinical and Health Records
35967110,"[""Chronic Kidney Disease""]","[""Clinical Data"", ""Laboratory Data"",""administrative data""]",['Chronic Kidney Disease'],Kidney and Renal Diseases,"['clinic data', 'laboratori data', 'administr data']",Clinical and Health Records
35990802,"[""COVID-19""]","[""Questionnaire data""]",['COVID-19'],Respiratory and Lung Conditions,['questionnair data'],Self-reported & Survey Data
38858500,"[""steatosis""]","[""ultrasound images""]",['steatosis'],Other,['ultrasound imag'],Imaging Data
36135395,"[""Dengue""]","[""Clinical data"", ""Laboratory data""]",['Dengue'],Infectious Diseases,"['clinic data', 'laboratori data']",Clinical and Health Records
36183620,"[""joint dislocations""]","[""radiographs""]",['joint dislocations'],Musculoskeletal and Rheumatic Disorders,['radiograph'],Imaging Data
38930089,"[""infertility""]","[""electronic medical records (EMR)""]",['infertility'],Reproductive Health,['electron medic record ( emr )'],Clinical and Health Records
36378672,"[""heart failure"", ""coronary artery disease"", ""elevated left ventricular end diastolic pressure (LVEDP)""]","[""orthogonal voltage gradient (OVG)"", ""photoplethysmography (PPG)""]","['heart failure', 'coronary artery disease', 'elevated left ventricular end diastolic pressure (LVEDP)']",Cardiovascular and Vascular Diseases,"['orthogon voltag gradient ( ovg )', 'photoplethysmographi ( ppg )']",Neurophysiological Data
36394938,,"[""survey"", ""qualitative interviews""]",[],Other,"['survey', 'qualit interview']",Self-reported & Survey Data
36442460,"[""Head and neck cancer""]","[""Clinical data"", ""CT scan""]",['Head and neck cancer'],Cancer and Oncology,"['clinic data', 'ct scan']",Clinical and Health Records
36469776,"[""Cancer""]","[""Plasma glycosaminoglycan profiles"", ""plasma and urine samples""]",['Cancer'],Cancer and Oncology,"['plasma glycosaminoglycan profil', 'plasma and urin sampl']",Laboratory Data
36470898,"[""Glioblastoma""]","[""MRI"",""multi-parametric magnetic resonance imaging (mpMRI)"",""T1-weighted"", ""T2-weighted""]",['Glioblastoma'],Cancer and Oncology,"['mri', 'multi-parametr magnet reson imag ( mpmri )', 't1-weight', 't2-weight']",Imaging Data
36508223,"[""traumatic anterior shoulder dislocations"",""recurrence after arthroscopic Bankart repair""]","[""demographics"", ""patient-specific factors"", ""disease-specific factors"", ""surgical characteristics""]","['traumatic anterior shoulder dislocations', 'recurrence after arthroscopic Bankart repair']",Surgical and Trauma Conditions,"['demograph', 'patient-specif factor', 'disease-specif factor', 'surgic characterist']",Clinical and Health Records
36538363,"[""Delirium""]","[""Electronic health records"", ""Laboratory tests"", ""Medical image reports""]",['Delirium'],Neurological Disorders,"['electron health record', 'laboratori test', 'medic imag report']",Clinical and Health Records
36544398,"[""Unfavorable cervical status"", ""High-risk pregnancies""]","[""Clinical data""]","['Unfavorable cervical status', 'High-risk pregnancies']",Neonatal and Pregnancy-Related Conditions,['clinic data'],Clinical and Health Records
36545250,"[""Chronic Kidney Disease"", ""Cardiovascular Disease""]","[""eGFR"", ""albuminuria"", ""demographics"", ""comorbid conditions""]","['Chronic Kidney Disease', 'Cardiovascular Disease']",Kidney and Renal Diseases,"['egfr', 'albuminuria', 'demograph', 'comorbid condit']",Clinical and Health Records
36652661,"[""non-small cell lung cancer""]","[""CT scans"", ""radiation dose plans"",""Clinical data""]",['non-small cell lung cancer'],Respiratory and Lung Conditions,"['ct scan', 'radiat dose plan', 'clinic data']",Imaging Data
30795962,"[""heart transplant rejection""]","[""molecular diagnostics"", ""biopsies"",""Clinical data""]",['heart transplant rejection'],Transplant and Surgery,"['molecular diagnost', 'biopsi', 'clinic data']",Genomic and Molecular Data
38212387,"[""asthma""]","[""Parental medical history"",""clinical data"",""Environmental data""]",['asthma'],Respiratory and Lung Conditions,"['parent medic histori', 'clinic data', 'environment data']",Clinical and Health Records
36867224,"[""mental health disorders"",""Depression"", ""Anxiety"", ""Suicidal tendencies""]","[""Sociodemographic data"",""Clinical mental health data"",""Beliefs and attitudes"",""Pandemic-specific factors""]","['mental health disorders', 'Depression', 'Anxiety', 'Suicidal tendencies']",Psychiatric and Mental Health Disorders,"['sociodemograph data', 'clinic mental health data', 'belief and attitud', 'pandemic-specif factor']",Clinical and Health Records
36921979,"[""ST elevation myocardial infarction"", ""cancer""]","[""clinical data"", ""administrative data""]","['ST elevation myocardial infarction', 'cancer']",Cardiovascular and Vascular Diseases,"['clinic data', 'administr data']",Clinical and Health Records
30872323,"[""transplant glomerulopathy""]","[""clinical data"", ""functional data"", ""immunologic data"", ""histologic data""]",['transplant glomerulopathy'],Transplant and Surgery,"['clinic data', 'function data', 'immunolog data', 'histolog data']",Clinical and Health Records
36975097,"[""COVID-19""]","[""Blood samples"", ""Clinical data"",""Omicron BA.4/5 spike protein""]",['COVID-19'],Respiratory and Lung Conditions,"['blood sampl', 'clinic data', 'omicron ba.4/5 spike protein']",Laboratory Data
36995714,"[""mental health and cognitive development""]","[""Wearable device""]",['mental health and cognitive development'],Psychiatric and Mental Health Disorders,['wearabl devic'],Digital Health & Wearable Devices
37001040,"[""Breast Cancer""]","[""Structured clinical data"", ""Patient-reported outcomes"",""Genomic data""]",['Breast Cancer'],Cancer and Oncology,"['structur clinic data', 'patient-report outcom', 'genom data']",Self-reported & Survey Data
37002267,"[""stroke"", ""aphasia""]","[""neuroimaging"", ""clinical data"",""MRI"",""diffusion-weighted imaging (DWI)"",""fluid-attenuated inversion recovery (FLAIR)""]","['stroke', 'aphasia']",Cardiovascular and Vascular Diseases,"['neuroimag', 'clinic data', 'mri', 'diffusion-weight imag ( dwi )', 'fluid-attenu invers recoveri ( flair )']",Imaging Data
37012019,"[""Acute aortic dissection""]","[""Clinical data"", ""Laboratory data"", ""Imaging data""]",['Acute aortic dissection'],Cardiovascular and Vascular Diseases,"['clinic data', 'laboratori data', 'imag data']",Clinical and Health Records
37021933,"[""cancer""]","[""gene expression"", ""drug signatures""]",['cancer'],Cancer and Oncology,"['gene express', 'drug signatur']",Genomic and Molecular Data
37964440,"[""Obstructive Sleep Apnea""]","[""payer-sourced medical claims"", ""objective PAP usage data""]",['Obstructive Sleep Apnea'],Other,"['payer-sourc medic claim', 'object pap usag data']",Digital Health & Wearable Devices
37268414,"[""Pulmonary emphysema""]","[""CT scans"",""genomic data""]",['Pulmonary emphysema'],Respiratory and Lung Conditions,"['ct scan', 'genom data']",Imaging Data
37358938,"[""brain metastasis""]","[""magnetic resonance imaging"", ""T1w contrast-enhanced MRI"", ""MRI""]",['brain metastasis'],Cancer and Oncology,"['magnet reson imag', 't1w contrast-enhanc mri', 'mri']",Imaging Data
38133915,"[""End-stage Kidney Disease"", ""Kidney Transplantation""]","[""Transplant data"", ""Clinical data"", ""Molecular-genetic matching"", ""Human Leukocyte Antigen (HLA)"", ""Donor-specific antibodies (DSA)"", ""Creatinine"", ""Proteinuria""]","['End-stage Kidney Disease', 'Kidney Transplantation']",Transplant and Surgery,"['transplant data', 'clinic data', 'molecular-genet match', 'human leukocyt antigen ( hla )', 'donor-specif antibodi ( dsa )', 'creatinin', 'proteinuria']",Clinical and Health Records
37397861,"[""Head and Neck Cancer""]","[""Radiographic Images"",""CT"",""Electronic Medical Records (EMR)""]",['Head and Neck Cancer'],Cancer and Oncology,"['radiograph imag', 'ct', 'electron medic record ( emr )']",Imaging Data
37410009,"[""Coronary artery disease"", ""Atherosclerosis""]","[""Coronary computed tomography angiography (CTA)"",""CT scans""]","['Coronary artery disease', 'Atherosclerosis']",Cardiovascular and Vascular Diseases,"['coronari comput tomographi angiographi ( cta )', 'ct scan']",Imaging Data
37422576,"[""Non-small cell lung cancer""]","[""CT scans"", ""Clinical data""]",['Non-small cell lung cancer'],Respiratory and Lung Conditions,"['ct scan', 'clinic data']",Imaging Data
37428478,"[""critical illness""]","[""electronic health records"",""clinical data""]",['critical illness'],Other,"['electron health record', 'clinic data']",Clinical and Health Records
37516990,"[""amyotrophic lateral sclerosis"", ""frontotemporal dementia""]","[""speech""]","['amyotrophic lateral sclerosis', 'frontotemporal dementia']",Neurological Disorders,['speech'],Neurophysiological Data
37543994,"[""COVID-19""]","[""Electronic health records""]",['COVID-19'],Respiratory and Lung Conditions,['electron health record'],Clinical and Health Records
37546399,"[""non-small cell lung cancer""]","[""CT scan"", ""radiomics""]",['non-small cell lung cancer'],Respiratory and Lung Conditions,"['ct scan', 'radiom']",Imaging Data
37555143,"[""Alzheimer's disease""]","[""Diffusion MRI""]","[""Alzheimer's disease""]",Neurological Disorders,['diffus mri'],Imaging Data
37555513,"[""Chronic Obstructive Pulmonary Disease (COPD)""]","[""Electronic Medical Record Data"",""Electronic Medical Records (EMR)""]",['Chronic Obstructive Pulmonary Disease (COPD)'],Respiratory and Lung Conditions,"['electron medic record data', 'electron medic record ( emr )']",Clinical and Health Records
37564037,"[""leprosy""]","[""clinical data"", ""demographic data"", ""genetic data""]",['leprosy'],Infectious Diseases,"['clinic data', 'demograph data', 'genet data']",Clinical and Health Records
37568646,"[""Non-Small Cell Lung Cancer""]","[""CT"", ""Radiomics""]",['Non-Small Cell Lung Cancer'],Respiratory and Lung Conditions,"['ct', 'radiom']",Imaging Data
37573646,"[""Amyotrophic Lateral Sclerosis""]","[""MRI"",""T1-weighted"", ""R2*"", ""FLAIR""]",['Amyotrophic Lateral Sclerosis'],Neurological Disorders,"['mri', 't1-weight', 'r2 *', 'flair']",Imaging Data
37574164,"[""community-acquired pneumonia""]","[""antibiotic treatments""",['community-acquired pneumonia'],Respiratory and Lung Conditions,[],Other
38174138,"[""cardiometabolic disease"", ""spinal cord injury or disease""]","[""surveys""]","['cardiometabolic disease', 'spinal cord injury or disease']",Cardiovascular and Vascular Diseases,['survey'],Self-reported & Survey Data
37651262,"[""acute respiratory distress syndrome""]","[""clinical data"", ""ventilatory and oxygenation descriptors"", ""comorbidities"", ""demographics""]",['acute respiratory distress syndrome'],Respiratory and Lung Conditions,"['clinic data', 'ventilatori and oxygen descriptor', 'comorbid', 'demograph']",Clinical and Health Records
37829182,"[""COVID-19""]","[""Administrative data"", ""Electronic health records"",""chest X-rays"",""laboratory data""]",['COVID-19'],Respiratory and Lung Conditions,"['administr data', 'electron health record', 'chest x-ray', 'laboratori data']",Clinical and Health Records
38604736,"[""Pediatric Low-Grade Neuroepithelial Tumor""]","[""MR imaging"", ""ADC imaging"",""MRI""]",['Pediatric Low-Grade Neuroepithelial Tumor'],Rare Diseases,"['mr imag', 'adc imag', 'mri']",Imaging Data
38605172,"[""psychosis"", ""schizophrenia""]","[""neuroimaging"", ""episodic memory"", ""social cognition"",""MRI""]","['psychosis', 'schizophrenia']",Psychiatric and Mental Health Disorders,"['neuroimag', 'episod memori', 'social cognit', 'mri']",Imaging Data
37872467,"[""heart disease""]","[""echocardiographic images""]",['heart disease'],Cardiovascular and Vascular Diseases,['echocardiograph imag'],Imaging Data
38200511,"[""non-small cell lung cancer (NSCLC)""]","[""CT scans"",""Radiomics""]",['non-small cell lung cancer (NSCLC)'],Respiratory and Lung Conditions,"['ct scan', 'radiom']",Imaging Data
38893608,"[""lung sliding artifact""]","[""ultrasound""]",['lung sliding artifact'],Respiratory and Lung Conditions,['ultrasound'],Imaging Data
38016622,"[""aortic arch surgery""]","[""patient characteristics"", ""intraoperative decisions"", ""mortality and stroke risk factors""]",['aortic arch surgery'],Surgical and Trauma Conditions,"['patient characterist', 'intraop decis', 'mortal and stroke risk factor']",Clinical and Health Records
38021248,"[""Obsessive-Compulsive Disorder""]","[""video teletherapy"", ""digital messaging""]",['Obsessive-Compulsive Disorder'],Neurological Disorders,"['video teletherapi', 'digit messag']",Digital Health & Wearable Devices
38066031,"[""cervical cancer""]","[""digital images""]",['cervical cancer'],Cancer and Oncology,['digit imag'],Imaging Data
38082372,"[""Alzheimer's disease""]","[""frailty factors""]","[""Alzheimer's disease""]",Neurological Disorders,['frailti factor'],Clinical and Health Records
38108259,"[""Obstructive Coronary Artery Disease (CAD)""]","[""Coronary Calcium Score (CAC)"", ""age"", ""sex"", ""chest pain"", ""computed tomography angiography (CCTA)""]",['Obstructive Coronary Artery Disease (CAD)'],Cardiovascular and Vascular Diseases,"['coronari calcium score ( cac )', 'age', 'sex', 'chest pain', 'comput tomographi angiographi ( ccta )']",Imaging Data
38149177,"[""Narcolepsy Type 1"", ""Narcolepsy Type 2"", ""Hypersomnolence""]","[""Sleep disorder diagnostic data"", ""Narcolepsy symptoms"", ""Epworth Sleepiness Scale"", ""Cataplexy"", ""Sleep Paralysis""]","['Narcolepsy Type 1', 'Narcolepsy Type 2', 'Hypersomnolence']",Neurological Disorders,"['sleep disord diagnost data', 'narcolepsi symptom', 'epworth sleepi scale', 'cataplexi', 'sleep paralysi']",Neurophysiological Data
38212349,"[""Major Depressive Disorder""]","[""cortical measures"", ""subcortical measures"",""structural T1-weighted MRI"", ""MRI""]",['Major Depressive Disorder'],Psychiatric and Mental Health Disorders,"['cortic measur', 'subcort measur', 'structur t1-weight mri', 'mri']",Imaging Data
38156913,"[""Critically Ill"", ""Mechanical Ventilation""]","[""Nutritional Practice Survey"", ""Clinical Outcomes"", ""Mortality""]","['Critically Ill', 'Mechanical Ventilation']",Critical Care,"['nutrit practic survey', 'clinic outcom', 'mortal']",Self-reported & Survey Data
38161988,"[""Pertussis""]","[""Electronic Medical Records""]",['Pertussis'],Infectious Diseases,['electron medic record'],Clinical and Health Records
38186562,"[""chronic kidney disease""]","[""Electronic health records"", ""Administrative data""]",['chronic kidney disease'],Kidney and Renal Diseases,"['electron health record', 'administr data']",Clinical and Health Records
38193866,"[""colorectal cancer""]","[""Pathology data"",""histological tumour type"", ""lymphovascular invasion"", ""tumour grade""]",['colorectal cancer'],Cancer and Oncology,"['patholog data', 'histolog tumour type', 'lymphovascular invas', 'tumour grade']",Laboratory Data
38195644,"[""lung cancer""]","[""CT imaging"", ""radiomics""]",['lung cancer'],Respiratory and Lung Conditions,"['ct imag', 'radiom']",Imaging Data
38234807,"[""Progressive Supranuclear Palsy""]","["" Whole-Genome Sequencing (WGS)""]",['Progressive Supranuclear Palsy'],Neurological Disorders,['whole-genom sequenc ( wg )'],Genomic and Molecular Data
38384277,"[""Parkinson's disease""]","[""MRI"",""T1-weighted brain MRI"",""3D medical images""]","[""Parkinson's disease""]",Neurological Disorders,"['mri', 't1-weight brain mri', '3d medic imag']",Imaging Data
38387384,"[""asthma""]","[""respiratory sounds"",""audio""]",['asthma'],Respiratory and Lung Conditions,"['respiratori sound', 'audio']",Neurophysiological Data
38290583,"[""Major Depressive Disorder"", ""Mental Illness""]","[""Structural Neuroimaging"", ""MRI""]","['Major Depressive Disorder', 'Mental Illness']",Neurological Disorders,"['structur neuroimag', 'mri']",Imaging Data
38316811,"[""peripheral artery disease (PAD)""]","[""Pre-operative demographic/clinical variables""]",['peripheral artery disease (PAD)'],Cardiovascular and Vascular Diseases,['pre-op demographic/clin variabl'],Clinical and Health Records
38326559,"[""Obsessive-Compulsive Disorder""]","[""diffusion tensor imaging"", ""MRI""]",['Obsessive-Compulsive Disorder'],Neurological Disorders,"['diffus tensor imag', 'mri']",Imaging Data
38332374,"[""psychosis"", ""schizophrenia""]","[""structural MRI""]","['psychosis', 'schizophrenia']",Psychiatric and Mental Health Disorders,['structur mri'],Imaging Data
38355486,"[""acute kidney injury"", ""hyperkalemia"", ""hypoglycemia"", ""hyponatremia"", ""anemia"", ""neutropenia"", ""thrombocytopenia""]","[""electronic health records (EHRs)""]","['acute kidney injury', 'hyperkalemia', 'hypoglycemia', 'hyponatremia', 'anemia', 'neutropenia', 'thrombocytopenia']",Endocrine and Metabolic Disorders,['electron health record ( ehr )'],Clinical and Health Records
38370787,"[""COVID-19""]","[""electronic health records (EHRs)"", ""CT scans"", ""chest X-rays"",""laboratory data""]",['COVID-19'],Respiratory and Lung Conditions,"['electron health record ( ehr )', 'ct scan', 'chest x-ray', 'laboratori data']",Clinical and Health Records
38937550,"[""General Clinical Predictions"", ""In-hospital Mortality"", ""Hypoglycemia"", ""Hyponatremia"", ""Hyperkalemia"", ""Thrombocytopenia"", ""Anemia""]","[""Electronic Health Records (EHR)""]","['General Clinical Predictions', 'In-hospital Mortality', 'Hypoglycemia', 'Hyponatremia', 'Hyperkalemia', 'Thrombocytopenia', 'Anemia']",Endocrine and Metabolic Disorders,['electron health record ( ehr )'],Clinical and Health Records
38402362,"[""atrial fibrillation""]","[""EHR"", ""Lab data""]",['atrial fibrillation'],Cardiovascular and Vascular Diseases,"['ehr', 'lab data']",Clinical and Health Records
38418987,"[""COVID-19"", ""bacterial pneumonia"", ""viral pneumonia""]","[""X-ray"", ""CT scan""]","['COVID-19', 'bacterial pneumonia', 'viral pneumonia']",Respiratory and Lung Conditions,"['x-ray', 'ct scan']",Imaging Data
37999728,"[""abdominal aortic aneurysm (AAA)""]","[""CT scans""]",['abdominal aortic aneurysm (AAA)'],Cardiovascular and Vascular Diseases,['ct scan'],Imaging Data
38075554,"[""chronic spontaneous urticaria""]","[""Electronic Health Records""]",['chronic spontaneous urticaria'],Other,['electron health record'],Clinical and Health Records
38441539,"[""psychosis"", ""schizophrenia"", ""mental disorders""]","[""genetic data"", ""self-reported measures"", ""parent-reported measures"", ""cognitive assessments""]","['psychosis', 'schizophrenia', 'mental disorders']",Psychiatric and Mental Health Disorders,"['genet data', 'self-report measur', 'parent-report measur', 'cognit assess']",Genomic and Molecular Data
38777894,"[""colorectal cancer"", ""diverticular disease"", ""inflammatory bowel disease""]","[""demographic data"", ""clinical data""]","['colorectal cancer', 'diverticular disease', 'inflammatory bowel disease']",Cancer and Oncology,"['demograph data', 'clinic data']",Clinical and Health Records
38639373,"[""Peripheral Artery Disease""]","[""Clinical Data""]",['Peripheral Artery Disease'],Cardiovascular and Vascular Diseases,['clinic data'],Clinical and Health Records
38651539,"[""Oral Cancer""]","[""Electronic Health Records""]",['Oral Cancer'],Cancer and Oncology,['electron health record'],Clinical and Health Records
38664377,"[""schizophrenia""]","[""Structural MRI"", ""Clinical"", ""Sociodemographic"", ""Genetic""]",['schizophrenia'],Psychiatric and Mental Health Disorders,"['structur mri', 'clinic', 'sociodemograph', 'genet']",Imaging Data
38679324,"[""Major Depressive Disorder""]","[""Structural MRI (sMRI)"",""Clinical data"",""Neurocognitive assessments""]",['Major Depressive Disorder'],Psychiatric and Mental Health Disorders,"['structur mri ( smri )', 'clinic data', 'neurocognit assess']",Clinical and Health Records
38704793,"[""prostate cancer""]","[""ultrasound""]",['prostate cancer'],Cancer and Oncology,['ultrasound'],Imaging Data
38706783,"[""venous thromboembolism""]","[""Clinical data""]",['venous thromboembolism'],Respiratory and Lung Conditions,['clinic data'],Clinical and Health Records
38772191,"[""interstitial lung disease""]","[""computed tomography"",""CT""]",['interstitial lung disease'],Respiratory and Lung Conditions,"['comput tomographi', 'ct']",Imaging Data
38807510,"[""chronic kidney disease""]","[""Clinical data"",""Laboratory data""]",['chronic kidney disease'],Kidney and Renal Diseases,"['clinic data', 'laboratori data']",Clinical and Health Records
38902526,"[""Prostate Cancer"", ""Clinically Significant Prostate Cancer (csPCa)""]","[""Blood-based Biomarkers"", ""Clinical Biomarker Data""]","['Prostate Cancer', 'Clinically Significant Prostate Cancer (csPCa)']",Cancer and Oncology,"['blood-bas biomark', 'clinic biomark data']",Genomic and Molecular Data
38906883,"[""major depressive disorder""]","[""clinical data"", ""sociodemographic data"", ""Treatment response data""]",['major depressive disorder'],Psychiatric and Mental Health Disorders,"['clinic data', 'sociodemograph data', 'treatment respons data']",Clinical and Health Records
38951965,"[""femoral neck fractures""]","[""Clinical data"",""Laboratory data""]",['femoral neck fractures'],Musculoskeletal and Rheumatic Disorders,"['clinic data', 'laboratori data']",Clinical and Health Records
