"pid","modalities","modalities2","x"
"28952798","{Medical}","{Blood,Pressure,Systolic,BP,Diastolic,BP}","{Blood,BP,Diastolic,Medical,Pressure,Systolic}"
"28968847","{MRI}","{MRI}","{MRI}"
"28981875","{Nil}","{Text,Audio}","{Audio,Nil,Text}"
"29194610","{dental-related,claims}","{topical,fluoride,dental,sealants}","{claims,dental,dental-related,fluoride,sealants,topical}"
"29251172","{Gene,expression,profile}","{gene,expression}","{expression,gene,Gene,profile}"
"29254878","{Self-report,Likert,scale}","{self-report}","{Likert,scale,self-report,Self-report}"
"29268169","{MICCAI}","{X-ray,Computed,Tomography}","{Computed,MICCAI,Tomography,X-ray}"
"29272464","{Structural,magnetic,resonance,imaging,scans,(MRI)}","{MRI,scans}","{imaging,magnetic,(MRI),MRI,resonance,scans,Structural}"
"29288983","{T2-weighted,T1-weighted,T2*,weighted,Diffusion-weighted}","{MRI}","{Diffusion-weighted,MRI,T1-weighted,T2*,T2-weighted,weighted}"
"29306928","{Genetic,data}",NULL,"{data,Genetic}"
"29340580","{Blood,Samples}","{Hematological}","{Blood,Hematological,Samples}"
"29356281","{Physiological}","{Energy,Mood}","{Energy,Mood,Physiological}"
"29377156","{prostate,cancer,treatment,radiation,therapy}","{radiation,therapy,computed,tomography}","{cancer,computed,prostate,radiation,therapy,tomography,treatment}"
"29398207","{Functional,magnetic,resonance,imaging}","{functional,MRI}","{functional,Functional,imaging,magnetic,MRI,resonance}"
"29539639","{DNA,methylation}","{text,image,audio}","{audio,DNA,image,methylation,text}"
"29540617",NULL,"{Modality:,Kinesthetic,feedback,Modality:,Vision,Modality:,Intent}","{feedback,Intent,Kinesthetic,Modality:,Vision}"
"29548746","{Gene,expression}","{gene,expression,brain,transcriptional,profile}","{brain,expression,gene,Gene,profile,transcriptional}"
"29550305","{Medical,Imaging}","{image,text}","{image,Imaging,Medical,text}"
"29558208","{knee,kinematics,tibial,internal,rotation}","{robotic,testing,system,6,degrees,of,freedom}","{6,degrees,freedom,internal,kinematics,knee,of,robotic,rotation,system,testing,tibial}"
"29581092","{Typing}","{typing}","{typing,Typing}"
"29603092","{CSF,miRNA}","{MicroRNA,expression,levels,Cerebrospinal,fluid}","{Cerebrospinal,CSF,expression,fluid,levels,MicroRNA,miRNA}"
"29662628","{gene,expression}","{gene,expression}","{expression,gene}"
"29688388","{MRI,Functional,connectivity}","{Grey,Matter,Volume,Whole-Brain,Resting,State,Functional,Connectivity}","{connectivity,Connectivity,Functional,Grey,Matter,MRI,Resting,State,Volume,Whole-Brain}"
"29693792","{Proteomics}","{Description:,text,data,Description:,image,data,Description:,audio,data}","{audio,data,Description:,image,Proteomics,text}"
"29708944","{Functional,Connectivity}","{brain,imaging}","{brain,Connectivity,Functional,imaging}"
"29753765","{Imaging,Cardiology}","{CT,MRI}","{Cardiology,CT,Imaging,MRI}"
"29766558","{Text,Numerical}","{Text}","{Numerical,Text}"
"29779671","{Functional,magnetic,resonance,imaging,(fMRI)}","{Psychological,Data}","{Data,(fMRI),Functional,imaging,magnetic,Psychological,resonance}"
"29844507","{Macrostructural,MRI,Microstructural,diffusion,tensor,imaging,(DTI)}","{Modality:,Brain,MRI,Modality:,Diffusion,tensor,imaging,(DTI)}","{Brain,diffusion,Diffusion,(DTI),imaging,Macrostructural,Microstructural,Modality:,MRI,tensor}"
"29886760","{Medical}","{None}","{Medical,None}"
"29869321","{3D,ultrasound}","{3D,ultrasound,image}","{3D,image,ultrasound}"
"29886268","{Ultrasound}","{Ultrasound,Images,MRI,Data,Temporal,Information}","{Data,Images,Information,MRI,Temporal,Ultrasound}"
"29889330",NULL,"{fMRI,EEG}","{EEG,fMRI}"
"29905656","{Functional,magnetic,resonance,imaging}","{Blood,oxygenation-level-dependent,(BOLD),signal,Pain,ratings,Stimulus,temperatures}","{Blood,(BOLD),Functional,imaging,magnetic,oxygenation-level-dependent,Pain,ratings,resonance,signal,Stimulus,temperatures}"
"29921920","{Functional,connectivity,data}","{Blood-Oxygen-Level,Dependent,Signals}","{Blood-Oxygen-Level,connectivity,data,Dependent,Functional,Signals}"
"29923104","{SPECT,CT,MRI}","{Imaging}","{CT,Imaging,MRI,SPECT}"
"29971330","{Neuroanatomical,Maturity}","{T1-weighted_magnetic_resonance_images:,true}","{Maturity,Neuroanatomical,T1-weighted_magnetic_resonance_images:,true}"
"29980214","{Medical,imaging,Radiation,therapy}","{2D,Dose,Map,3D,Dose,Data}","{2D,3D,Data,Dose,imaging,Map,Medical,Radiation,therapy}"
"30020426","{Plasma,antibody,responses,Immunoglobulin,A,responses}","{plasma,antibody,responses}","{A,antibody,Immunoglobulin,plasma,Plasma,responses}"
"30084192","{fMRI}","{Department,of,Medical,Biophysics,University,of,Western,Ontario,London,ON,Canada.:,""null"",Lawson,Health,Research,Institute,London,Health,Sciences,Centre,London,ON,Canada.:,""null"",Department,of,Psychiatry,University,of,Western,Ontario,Schulich,School,of,Medicine,and,Dentistry,London,ON,Canada.:,""null""}","{and,Biophysics,Canada.:,Centre,Dentistry,Department,fMRI,Health,Institute,Lawson,London,Medical,Medicine,""null"",of,ON,Ontario,Psychiatry,Research,School,Schulich,Sciences,University,Western}"
"30089110","{thoracic,phase,signals}","{electrophysiology}","{electrophysiology,phase,signals,thoracic}"
"30089915","{Genomics}","{Genomics}","{Genomics}"
"30099076","{Computerized,tomography,Magnetic,resonance,imaging}","{Image,Text,Audio}","{Audio,Computerized,Image,imaging,Magnetic,resonance,Text,tomography}"
"30104567",NULL,"{text,image}","{image,text}"
"30114914","{Chemical,features}","{Chemical,features,Continuous,molecular,descriptors}","{Chemical,Continuous,descriptors,features,molecular}"
"30132040","{Functional,magnetic,resonance,imaging,(fMRI)}","{Functional,MRI}","{(fMRI),Functional,imaging,magnetic,MRI,resonance}"
"30171211","{structural,MRI}",NULL,"{MRI,structural}"
"30186761","{Fluorodeoxyglucose,positron,emission,tomography,(FDG-PET),Imaging}","{Fluorodeoxyglucose,positron,emission,tomography,(FDG-PET),Glucose,metabolism}","{emission,(FDG-PET),Fluorodeoxyglucose,Glucose,Imaging,metabolism,positron,tomography}"
"30209345","{""""}","{Computer,Vision,and,Robotics,(VICOROB),Medical,Image,Analysis,Lab,Department,of,Radiology,Children's,Hospital}","{"""",Analysis,and,Children's,Computer,Department,Hospital,Image,Lab,Medical,of,Radiology,Robotics,(VICOROB),Vision}"
"30216140","{Neural}","{Neural,features,Intention,to,move,in,a,direction}","{a,direction,features,in,Intention,move,Neural,to}"
"30252978","{3.0T,MRI,T2,-weighted,(T2,W),and,multi-b-value,diffusion-weighted,(DW),sequences,Apparent,diffusion,coefficient,maps}","{MRI,T2-weighted,images,Diffusion-weighted,images}","{3.0T,and,Apparent,coefficient,diffusion,diffusion-weighted,Diffusion-weighted,(DW),images,maps,MRI,multi-b-value,sequences,(T2,T2,T2-weighted,W),-weighted}"
"30262516","{Medical,Imaging,Echocardiography}","{Imaging,Clinical}","{Clinical,Echocardiography,Imaging,Medical}"
"30300751","{MRI}","{MRI:,Yes,CT:,No}","{CT:,MRI,MRI:,No,Yes}"
"30301895",NULL,"{Image}","{Image}"
"30337065","{echocardiograms}","{echocardiogram}","{echocardiogram,echocardiograms}"
"30336070","{robot}","{humanoid,robot's,mental,state,gaze,cues}","{cues,gaze,humanoid,mental,robot,robot's,state}"
"30340027","{Histopathology,images}","{Image}","{Histopathology,Image,images}"
"30354561","{Breath-by-breath,Time-series}","{Breath-by-Breath,Data}","{Breath-by-breath,Breath-by-Breath,Data,Time-series}"
"30367117","{RNA-seq}","{genomics,epidemiology}","{epidemiology,genomics,RNA-seq}"
"30381856","{liquid,chromatography,coupled,with,mass,spectrometry,proton,nuclear,magnetic,resonance,spectroscopy-based,metabolomics,targeted,proteomics,analysis}","{Metabolomics,Proteomics}","{analysis,chromatography,coupled,liquid,magnetic,mass,metabolomics,Metabolomics,nuclear,proteomics,Proteomics,proton,resonance,spectrometry,spectroscopy-based,targeted,with}"
"30409057","{Acoustic,Lip,Movement,Tongue,Movement}","{Acoustic,Lip,movement,Tongue,movement}","{Acoustic,Lip,movement,Movement,Tongue}"
"30459321","{Genetics}","{Images,Text}","{Genetics,Images,Text}"
"30503831",NULL,"{miRNA,beta-cell,function,insulin,sensitivity}","{beta-cell,function,insulin,miRNA,sensitivity}"
"30509988","{Nanoscale-resolution,scanning,Atomic,force,microscopy,(AFM),Subresonance,tapping}","{nanoscale-resolution,scanning}","{(AFM),Atomic,force,microscopy,nanoscale-resolution,Nanoscale-resolution,scanning,Subresonance,tapping}"
"30517157","{Optical,Coherence,Tomography,(OCT),Standard,Automated,Perimetry,(SAP)}","{Optical,Coherence,Tomography,Standard,Automated,Perimetry}","{Automated,Coherence,(OCT),Optical,Perimetry,(SAP),Standard,Tomography}"
"30522594","{Registry,Clinical}","{text}","{Clinical,Registry,text}"
"30523141","{MR,Imaging}","{medical,images}","{images,Imaging,medical,MR}"
"30587458","{proteomics,CT}","{tomography,angiography}","{angiography,CT,proteomics,tomography}"
"30595082","{Functional,magnetic,resonance,imaging,Proprioception}","{Sensory,Motor,Networks,Reaching,Accuracy}","{Accuracy,Functional,imaging,magnetic,Motor,Networks,Proprioception,Reaching,resonance,Sensory}"
"30617134","{gene,expression,copy-number,variation,cell,morphometry,protein,expression}","{microarray,data}","{cell,copy-number,data,expression,gene,microarray,morphometry,protein,variation}"
"30620412","{Radiotherapy}","{Image,Text}","{Image,Radiotherapy,Text}"
"30644411","{Blood,Biochemistry,Cell,Count}","{Modality:,Blood_Biochemistry,Description:,""null""}","{Biochemistry,Blood,Blood_Biochemistry,Cell,Count,Description:,Modality:,""null""}"
"30645667","{Biological,data}","{value:,Text,Image}","{Biological,data,Image,Text,value:}"
"30661193","{T1,contrast,enhanced,T2-FLAIR}","{MRI}","{contrast,enhanced,MRI,T1,T2-FLAIR}"
"30713485","{Facial,Videos}","{facial,videos,computer,vision,algorithms}","{algorithms,computer,facial,Facial,videos,Videos,vision}"
"30739657","{Medical,Imaging,Clinical,Data}","{text,clinical,data}","{clinical,Clinical,data,Data,Imaging,Medical,text}"
"30767173","{electronic,health,records}",NULL,"{electronic,health,records}"
"30773443","{transcript,expression}","{transcript,expression}","{expression,transcript}"
"30795962","{molecular,histologic}","{Microarray,Molecular}","{histologic,Microarray,molecular,Molecular}"
"30833926","{Eye,Movement,Psychometric,Neuroimaging}","{eye,movement,psychometric,tests,neuroimaging}","{eye,Eye,movement,Movement,neuroimaging,Neuroimaging,psychometric,Psychometric,tests}"
"30847821","{Imaging,Clinical}","{SPECT,Imaging,Clinical,Measures}","{Clinical,Imaging,Measures,SPECT}"
"30870597","{Medical,claims,Electroencephalogram,procedures}",NULL,"{claims,Electroencephalogram,Medical,procedures}"
"30885044","{DNA,methylation}","{DNA,methylation}","{DNA,methylation}"
"30923086","{Image}","{Neurological,Surgery,(R.J.H.,A.F.,X.D.-F.,L.H.T.,N.K.,M.S.B.,J.C.B.,S.D.,W.W.,J.F.T.).,Brain,and,Spinal,Injury,Center,(D.B.M.,R.J.H.,A.F.,X.D.-F.,L.H.T.,N.K.,M.S.B.,J.C.B.,S.D.,W.W.).}","{A.F.,and,Brain,Center,(D.B.M.,Image,Injury,J.C.B.,J.F.T.).,L.H.T.,M.S.B.,Neurological,N.K.,(R.J.H.,R.J.H.,S.D.,Spinal,Surgery,W.W.,W.W.).,X.D.-F.}"
"30948811","{MRI}","{value:,medical,imaging,value:,electroencephalography,(EEG)}","{(EEG),electroencephalography,imaging,medical,MRI,value:}"
"30958743","{Magnetic,Resonance,Imaging,T2-weighted,Apparent,Diffusion,Coefficient,Diffusion,Kurtosis,Imaging}","{Magnetic,Resonance,Imaging}","{Apparent,Coefficient,Diffusion,Imaging,Kurtosis,Magnetic,Resonance,T2-weighted}"
"30962703","{SBP,Serum,Creatinine,Glycosylated,Hemoglobin,DBP}","{Modality:,stenting,Modality:,best,medical,therapy}","{best,Creatinine,DBP,Glycosylated,Hemoglobin,medical,Modality:,SBP,Serum,stenting,therapy}"
"30992063",NULL,"{Genetics,Neurology}","{Genetics,Neurology}"
"31000909","{Intraoperative,Ultrasound}","{ultrasound}","{Intraoperative,ultrasound,Ultrasound}"
"31004711","{MRI}","{MRI}","{MRI}"
"31055684",NULL,"{robotic,movement,rob,integration,sounds,light,effects,complex,movements}","{complex,effects,integration,light,movement,movements,rob,robotic,sounds}"
"31076475","{Questionnaire,Interview,Focus,Group,Discussion}","{text,interviews,focus,group,discussions}","{Discussion,discussions,focus,Focus,group,Group,Interview,interviews,Questionnaire,text}"
"31104700","{electronic}","{Imputed,datasets,Original,dataset}","{dataset,datasets,electronic,Imputed,Original}"
"31117509",NULL,NULL,"{}"
"31133249","{Dermoscopic,images}","{Image}","{Dermoscopic,Image,images}"
"31138084","{MRI,CT}","{physiological,data,questionnaire,data}","{CT,data,MRI,physiological,questionnaire}"
"31150083","{electrocardiogram,neurological,status}","{Text}","{electrocardiogram,neurological,status,Text}"
"31150956","{MRI}","{MRI}","{MRI}"
"31161221","{Urine,miRNA,fingerprint}","{text}","{fingerprint,miRNA,text,Urine}"
"31173905","{MRI}","{modality:,MRI}","{modality:,MRI}"
"31176387","{Functional,connectivity,Clinical,symptoms}","{Functional,Magnetic,Resonance,Imaging}","{Clinical,connectivity,Functional,Imaging,Magnetic,Resonance,symptoms}"
"31211469","{Movement,Disorders,Neurology}","{image,text}","{Disorders,image,Movement,Neurology,text}"
"31227653","{Phenotype,Ontology,(HPO),terms}","{text:,true}","{(HPO),Ontology,Phenotype,terms,text:,true}"
"31249104","{Seminal,Plasma,Proteins}","{Transcriptomics,Proteomics,Secretomics}","{Plasma,Proteins,Proteomics,Secretomics,Seminal,Transcriptomics}"
"31267266","{demographic,clinical,occupational}","{Text}","{clinical,demographic,occupational,Text}"
"31317178",NULL,"{name:,Yale,University,description:,name:,Brigham,and,Women's,Hospital,description:,name:,Cedars-Sinai,Medical,Center,description:,""""}","{"""",and,Brigham,Cedars-Sinai,Center,description:,Hospital,Medical,name:,University,Women's,Yale}"
"31325985","{Electrophysiology}","{Modality:,Single,unit,neural,responses,Modality:,Local,field,potential,Modality:,Globus,pallidus,interna,firing,rate}","{Electrophysiology,field,firing,Globus,interna,Local,Modality:,neural,pallidus,potential,rate,responses,Single,unit}"
"31326191","{Medical,Imaging,Clinical,Data}","{image,text}","{Clinical,Data,image,Imaging,Medical,text}"
"31328849","{Registry,Data}","{Text,Heat,Map}","{Data,Heat,Map,Registry,Text}"
"31332903","{Functional,Magnetic,Resonance,Imaging,Blood,Oxygenation,Level-Dependent,(BOLD),signal}","{fMRI,BOLD}","{Blood,(BOLD),BOLD,fMRI,Functional,Imaging,Level-Dependent,Magnetic,Oxygenation,Resonance,signal}"
"31337542","{MR}","{MRI}","{MR,MRI}"
"31338709","{PET,CT}","{images}","{CT,images,PET}"
"31342622","{Whole,blood,Peripheral,monocytes}","{blood,samples,miRNA,expression}","{blood,expression,miRNA,monocytes,Peripheral,samples,Whole}"
"31390016","{text}",NULL,"{text}"
"31399127","{DNA,methylation}",NULL,"{DNA,methylation}"
"31417602","{""""}","{Imaging,Genomics}","{"""",Genomics,Imaging}"
"31434533","{Upper-limb,motor,and,proprioceptive,performance}","{Motor,Proprioceptive}","{and,motor,Motor,performance,proprioceptive,Proprioceptive,Upper-limb}"
"31444624","{iUS,MRI}","{image,data,brain,shift,measurement}","{brain,data,image,iUS,measurement,MRI,shift}"
"31444660","{Electronic,Health,Records,Laboratory,Tests}","{Laboratory,tests}","{Electronic,Health,Laboratory,Records,tests,Tests}"
"31446127","{MRI,Ultrasound}","{MRI,Ultrasound}","{MRI,Ultrasound}"
"31447230","{Imaging,Pathology}","{digital,imaging}","{digital,imaging,Imaging,Pathology}"
"31448366","{Computed,Tomography}","{Image,Clinical}","{Clinical,Computed,Image,Tomography}"
"31479590","{Text}","{text}","{text,Text}"
"31534203","{Pathology}","{""""}","{"""",Pathology}"
"31513271","{Imaging}","{""""}","{"""",Imaging}"
"31542646","{MRI}","{Image,Data}","{Data,Image,MRI}"
"31546048","{MRI}","{T1-weighted,MRIs}","{MRI,MRIs,T1-weighted}"
"31591579","{Single-cell,data}","{cytometry}","{cytometry,data,Single-cell}"
"31610776","{home,care,clients}","{Assistive,devices,Unsteady,gait}","{Assistive,care,clients,devices,gait,home,Unsteady}"
"31636101","{Images}","{Image}","{Image,Images}"
"31636895",NULL,NULL,"{}"
"31663066","{Genomic,data,Clinical,data}","{genomic,mutation}","{Clinical,data,genomic,Genomic,mutation}"
"31667829","{Clinical}","{text:,true,image:,""null""}","{Clinical,image:,""null"",text:,true}"
"31679176","{RNA-seq,Histology}","{transcripts}","{Histology,RNA-seq,transcripts}"
"31696396","{Text,Numerical}","{Tags:,Modality:,Text,Tags:,Modality:,Image,Tags:,Modality:,Audio}","{Audio,Image,Modality:,Numerical,Tags:,Text}"
"31728792","{Machine-Based}","{""null"",""null"",""null"",image,""null"",image,""null"",""null"",video,""null""}","{image,Machine-Based,""null"",video}"
"31730484","{Narrative,clinical,notes,Chart,review}","{natural,language,processing,knowledge-based,rules}","{Chart,clinical,knowledge-based,language,Narrative,natural,notes,processing,review,rules}"
"31736698","{fMRI}","{Modality:,Brain,imaging,Modality:,fMRI}","{Brain,fMRI,imaging,Modality:}"
"31769622","{magnetic,resonance,imaging}","{Brain,Volume,Cortical,Thickness}","{Brain,Cortical,imaging,magnetic,resonance,Thickness,Volume}"
"31785402","{T1-weighted,T2-weighted}","{T1-weighted,T2-weighted}","{T1-weighted,T2-weighted}"
"31796060","{text,bibliometrics}","{Text}","{bibliometrics,text,Text}"
"31805020","{age,vital,signs,(heart,rate,respiratory,rate,and,temperature),capillary,refill,time,altered,mental,state}","{Age,Respiratory,rate,Capillary,refill,time,Altered,mental,state}","{age,Age,altered,Altered,and,capillary,Capillary,(heart,mental,rate,refill,respiratory,Respiratory,signs,state,temperature),time,vital}"
"31815574","{Computed,Tomography}","{CT,scans}","{Computed,CT,scans,Tomography}"
"31821482","{Serial,PT-INR,values}","{prothrombin,time,international,normalized,ratio,measurements}","{international,measurements,normalized,prothrombin,PT-INR,ratio,Serial,time,values}"
"31835700","{RNA-Seq}","{gene,expression,mRNA}","{expression,gene,mRNA,RNA-Seq}"
"31852412","{Medical}","{Computed,Tomography}","{Computed,Medical,Tomography}"
"31866804","{EEG}","{EEG}","{EEG}"
"31871069",NULL,"{Image,data,Clinical,data}","{Clinical,data,Image}"
"31884486","{PET,imaging,Neuropsychological,tests,MRI,volumetrics,Cerebrospinal,fluid,biomarkers}","{Imaging,Biomarkers}","{biomarkers,Biomarkers,Cerebrospinal,fluid,imaging,Imaging,MRI,Neuropsychological,PET,tests,volumetrics}"
"31899530",NULL,"{Text,data,Image,data}","{data,Image,Text}"
"31918375","{Clinical,Imaging}","{SPECT,clinical}","{clinical,Clinical,Imaging,SPECT}"
"31937619","{MR,Imaging}","{MRI}","{Imaging,MR,MRI}"
"31967990","{Gene,expression,Drug,response}","{Gene,Expression,Drug,Response}","{Drug,expression,Expression,Gene,response,Response}"
"31971940","{Genomic,Biology}",NULL,"{Biology,Genomic}"
"31982495","{thermograms}","{thermal,imaging}","{imaging,thermal,thermograms}"
"31999324","{Functional,MRI,Behavioral,questionnaire}","{Functional,brain,measurements}","{Behavioral,brain,Functional,measurements,MRI,questionnaire}"
"32007318","{Computed,Tomography,(CT),scans}","{CT,scans}","{Computed,(CT),CT,scans,Tomography}"
"32024819","{genomics}","{genomics,genetics}","{genetics,genomics}"
"32024849","{Genomic}","{Genomics,Pathology}","{Genomic,Genomics,Pathology}"
"32025015",NULL,"{""""}","{""""}"
"32026444","{Bi-planar,radiographs,3D,reconstruction,Da,Vinci,views}","{radiographs,3D,reconstruction}","{3D,Bi-planar,Da,radiographs,reconstruction,views,Vinci}"
"32039563","{Clinical,Biological}","{clinical,biological}","{biological,Biological,clinical,Clinical}"
"32042111","{hand,motion}","{hand,motion,spectrotemporal,characteristics}","{characteristics,hand,motion,spectrotemporal}"
"32053425","{Photographs}","{Photographs,Videos}","{Photographs,Videos}"
"32069213","{Text}","{Text,Dialogue}","{Dialogue,Text}"
"32070812","{Electrical,Pneumatic}","{Electrical,median,nerve,stimulation,Pneumatic,stimulation}","{Electrical,median,nerve,Pneumatic,stimulation}"
"32071251","{Clinical}","{text}","{Clinical,text}"
"32079905","{Chest,computed,tomography,Dual-energy,x-ray,absorptiometry}","{Chest,Computed,Tomography}","{absorptiometry,Chest,computed,Computed,Dual-energy,tomography,Tomography,x-ray}"
"32108120","{Text}","{Text,Image}","{Image,Text}"
"32110753","{Medical}","{variables_used:,modality:,medical,variables:,68,modality:,demographics,variables:,""null""}","{68,demographics,medical,Medical,modality:,""null"",variables:,variables_used:}"
"32157112","{RNA-Seq}","{count:,1,modality:,microRNA}","{1,count:,microRNA,modality:,RNA-Seq}"
"32165206","{Molecular,Pathologic}","{Image,Text}","{Image,Molecular,Pathologic,Text}"
"32178532","{Clinical,Administrative}","{Clinical}","{Administrative,Clinical}"
"32185618","{Computed,Tomography,Positron,Emission,Tomography}","{PET,CT}","{Computed,CT,Emission,PET,Positron,Tomography}"
"32185875","{Whole,slide,imaging}","{Histology,Immunogenetics}","{Histology,imaging,Immunogenetics,slide,Whole}"
"32187319",NULL,"{Text}","{Text}"
"32198433","{Clinical,Variables}","{Age,at,diagnosis,Lymph,nodes}","{Age,at,Clinical,diagnosis,Lymph,nodes,Variables}"
"32206688","{Medical,images,Planar,(two-dimensional),medical,images,Volumetric,(three-dimensional),medical,images}","{Planar,(2D),Volumetric,(3D)}","{(2D),(3D),images,medical,Medical,Planar,(three-dimensional),(two-dimensional),Volumetric}"
"32211747","{genetic,contact,investigation}","{text}","{contact,genetic,investigation,text}"
"32211946","{Abdominal,Imaging}","{Abdominal,imaging,Prostate,cancer}","{Abdominal,cancer,imaging,Imaging,Prostate}"
"32217212","{Motion,Ground,Reaction,Force}","{Modality:,Motion}","{Force,Ground,Modality:,Motion,Reaction}"
"32235059","{PET,FDG-PET}","{PET}","{FDG-PET,PET}"
"32249734","{healthcare}","{healthcare,analytics,artificial,intelligence}","{analytics,artificial,healthcare,intelligence}"
"32287265","{mRNA,microarray}","{blood,muscle}","{blood,microarray,mRNA,muscle}"
"32303098","{Health,data}",NULL,"{data,Health}"
"32328990",NULL,NULL,"{}"
"32329723",NULL,NULL,"{}"
"32333121","{brain,extracts,NMR,DI/LC-MS/MS}","{metabolomics,NMR,and,DI/LC-MS/MS}","{and,brain,DI/LC-MS/MS,extracts,metabolomics,NMR}"
"32366785","{Amyloid,PET,FDG,PET}","{PET}","{Amyloid,FDG,PET}"
"32372384","{Temporal,Enhanced,Ultrasound,(TeUS),Apparent,Diffusion,Coefficient,(ADC),Magnetic,Resonance,Imaging,(MRI)}","{MRI,Ultrasound}","{(ADC),Apparent,Coefficient,Diffusion,Enhanced,Imaging,Magnetic,(MRI),MRI,Resonance,Temporal,(TeUS),Ultrasound}"
"32388549","{text}","{text}","{text}"
"32399513","{Digital,biomarkers}","{digital,biomarkers}","{biomarkers,digital,Digital}"
"32399621","{PET/CT}","{PET/CT}","{PET/CT}"
"32409715","{Medical,Imaging}","{3D,inputs,Multi-scale,input}","{3D,Imaging,input,inputs,Medical,Multi-scale}"
"32410265","{Administrative,databases}",NULL,"{Administrative,databases}"
"32413546","{Computed,Tomography,(CT)}","{Dose-volume,histograms,(DVHs):,true,Computed,tomography,images:,true}","{Computed,(CT),Dose-volume,(DVHs):,histograms,images:,tomography,Tomography,true}"
"32444812",NULL,"{Text}","{Text}"
"32439869","{Clinical,notes,Lab,tests,Billing,codes}","{text,image}","{Billing,Clinical,codes,image,Lab,notes,tests,text}"
"32467650","{France}","{Pathology}","{France,Pathology}"
"32463180","{""null""}","{Text,Image}","{Image,""null"",Text}"
"32473385","{miRNA}","{miRNA}","{miRNA}"
"32475986","{Three-dimensional}",NULL,"{Three-dimensional}"
"32493224","{Saliva}",NULL,"{Saliva}"
"32515116","{Text}","{numerical,ratings,written,reviews}","{numerical,ratings,reviews,Text,written}"
"32533137","{Nuclear,Medicine,Cardiovascular}","{ECG,Imaging}","{Cardiovascular,ECG,Imaging,Medicine,Nuclear}"
"32535888","{Laboratory,data,Echocardiographic,assessment,Electrocardiographic,P-wave,indices}","{Modality:,Name:,electrocardiographic,P-wave,indices,Name:,echocardiographic,assessment,Name:,neutrophil-to-lymphocyte,ratio,(NLR),Name:,prognostic,nutritional,index,(PNI)}","{assessment,data,echocardiographic,Echocardiographic,electrocardiographic,Electrocardiographic,index,indices,Laboratory,Modality:,Name:,neutrophil-to-lymphocyte,(NLR),nutritional,(PNI),prognostic,P-wave,ratio}"
"32540846",NULL,NULL,"{}"
"32554169","{CT}","{Computed,Tomography}","{Computed,CT,Tomography}"
"32563597",NULL,"{text}","{text}"
"32568668","{T1-precontrast,Fluid,Attenuated,Inversion,Recovery,(FLAIR),T1-postcontrast}","{T1-precontrast,Fluid,attenuated,inversion,recovery,(FLAIR),T1-postcontrast}","{attenuated,Attenuated,(FLAIR),Fluid,inversion,Inversion,recovery,Recovery,T1-postcontrast,T1-precontrast}"
"32571904","{Behavioral,Social,Psychological}","{Economic,factors,Social,factors,Psychological,factors}","{Behavioral,Economic,factors,Psychological,Social}"
"32592462","{3D,genome,DNA,loci}",NULL,"{3D,DNA,genome,loci}"
"32602222","{US}","{Image,Text}","{Image,Text,US}"
"32605433","{Electromyography}","{Electromyography}","{Electromyography}"
"32610095","{Metagenomics,Metabolomics}","{stool,microbiomes,serum,albumin,levels,age}","{age,albumin,levels,Metabolomics,Metagenomics,microbiomes,serum,stool}"
"32611681","{RNA}","{RNA,sequencing}","{RNA,sequencing}"
"32614505","{T1-weighted,magnetic,resonance,imaging,(MRI)}","{T1-weighted,MRI,images}","{images,imaging,magnetic,(MRI),MRI,resonance,T1-weighted}"
"32617525",NULL,NULL,"{}"
"32635216","{PET/CT}","{PET,CT}","{CT,PET,PET/CT}"
"32641740","{Inertial,Measurement,Units}","{IMUs}","{IMUs,Inertial,Measurement,Units}"
"32649890","{CT,scans}","{3D_image_data,Anatomical_features}","{3D_image_data,Anatomical_features,CT,scans}"
"32682223","{Neural,recordings,Robotics}","{Intracortical,neural,recordings}","{Intracortical,neural,Neural,recordings,Robotics}"
"32682719","{Imaging,Cardiology}",NULL,"{Cardiology,Imaging}"
"32686118","{Imaging,Pathology}","{Image}","{Image,Imaging,Pathology}"
"32687564",NULL,NULL,"{}"
"32701148","{Laboratory}","{text,image}","{image,Laboratory,text}"
"32710834",NULL,"{ForeName:,Jaewoo,Initials:,J,LastName:,Kang,ForeName:,Yuanfang,Initials:,Y,LastName:,Guan}","{ForeName:,Guan,Initials:,J,Jaewoo,Kang,LastName:,Y,Yuanfang}"
"32716959","{Ultrasound}","{Text,Data,Image,Data}","{Data,Image,Text,Ultrasound}"
"32719123",NULL,NULL,"{}"
"32719375",NULL,"{Department,of,Anesthesiology,Perioperative,and,Pain,Medicine,Stanford,University,Stanford,USA:,Audio,Text,Department,of,Pediatrics,Stanford,University,Stanford,USA:,Video,Image}","{and,Anesthesiology,Audio,Department,Image,Medicine,of,Pain,Pediatrics,Perioperative,Stanford,Text,University,USA:,Video}"
"32720232","{None}","{Psychiatry,Medicine}","{Medicine,None,Psychiatry}"
"32732917","{transcriptome,brain,imaging}","{Image,Text}","{brain,Image,imaging,Text,transcriptome}"
"32743554","{miRNA}","{miRNA,microRNA}","{microRNA,miRNA}"
"32758450",NULL,NULL,"{}"
"34010050",NULL,"{text,""null""}","{""null"",text}"
"32767763","{Imaging,Electroencephalography,Pathology,Digital,technologies}","{modality_name:,EEG,used_in_paper:,true,modality_name:,MRI,used_in_paper:,true}","{Digital,EEG,Electroencephalography,Imaging,modality_name:,MRI,Pathology,technologies,true,used_in_paper:}"
"32770269","{Audio}","{Audio}","{Audio}"
"32771618","{fMRI,task-activation}","{fMRI,task-activation}","{fMRI,task-activation}"
"32775335",NULL,"{health,care,systems,cancer,antimicrobial,resistance,primary,care}","{antimicrobial,cancer,care,health,primary,resistance,systems}"
"32797086","{intraductal}","{text}","{intraductal,text}"
"32809874","{Biomarkers,Inflammatory,biomarkers}","{Text}","{biomarkers,Biomarkers,Inflammatory,Text}"
"32816765","{MRI,CT,Scan}","{image,text}","{CT,image,MRI,Scan,text}"
"32819467","{ECG,Clinical,features}","{ECG}","{Clinical,ECG,features}"
"32819981","{Text}","{text,messaging}","{messaging,text,Text}"
"32832912","{Routine,clinical,data}","{text,machine,learning}","{clinical,data,learning,machine,Routine,text}"
"32843633","{Images,Brain,scans}","{images,text}","{Brain,images,Images,scans,text}"
"32845061","{Biological,Clinical}","{text}","{Biological,Clinical,text}"
"32852320",NULL,"{Clinical,data,Medical,diagnosis}","{Clinical,data,diagnosis,Medical}"
"32853182",NULL,"{""""}","{""""}"
"32859912","{Whole,genomes}","{Whole,genome,sequencing}","{genome,genomes,sequencing,Whole}"
"32862015","{Computed,Tomography,(CT)}","{Image,data,Text,data}","{Computed,(CT),data,Image,Text,Tomography}"
"32864270","{Chest,X-ray,images}","{X-ray}","{Chest,images,X-ray}"
"32864596","{Computed,Tomography,(CT),Clinical,Information}","{CT,""null""}","{Clinical,Computed,(CT),CT,Information,""null"",Tomography}"
"32880697","{Medical,Imaging}","{Modality:,Images,Modality:,Clinical,data}","{Clinical,data,Images,Imaging,Medical,Modality:}"
"32927257","{3-D}","{Computed,Tomography,Magnetic,Resonance,Imaging}","{3-D,Computed,Imaging,Magnetic,Resonance,Tomography}"
"32938996",NULL,"{Electromagnetic,fields,Glucose,samples}","{Electromagnetic,fields,Glucose,samples}"
"32943286","{lung,transplant,biopsies,microarrays,machine,learning}","{biopsy}","{biopsies,biopsy,learning,lung,machine,microarrays,transplant}"
"32955669","{PET}","{image}","{image,PET}"
"32962272","{Text}","{Text}","{Text}"
"32978299","{DNA,sequence,Chromatin,accessibility}","{DNA,sequence,Chromatin,accessibility}","{accessibility,Chromatin,DNA,sequence}"
"32991907","{Images}","{images}","{images,Images}"
"32992069","{speech}","{Language,Spontaneous,monologues}","{Language,monologues,speech,Spontaneous}"
"33002841","{ECG}","{ECG}","{ECG}"
"33003524","{Capillary,blood,glucose,measurements,Glucose,sensor,data}","{text}","{blood,Capillary,data,glucose,Glucose,measurements,sensor,text}"
"33005028","{Brain,imaging}","{images:,text:,""""}","{"""",Brain,images:,imaging,text:}"
"33028696",NULL,NULL,"{}"
"33033241","{Structural,neuroimaging}","{count:,2,modality:,image,count:,3,modality:,text}","{2,3,count:,image,modality:,neuroimaging,Structural,text}"
"33037266","{Image}","{value:,""null""}","{Image,""null"",value:}"
"33038139","{Clinical}","{Image,Text}","{Clinical,Image,Text}"
"33064342",NULL,NULL,"{}"
"33071806","{Images}","{Immunofluorescence,(IF),images,of,CD8+,T,lymphocytes}","{CD8+,(IF),images,Images,Immunofluorescence,lymphocytes,of,T}"
"33075658","{PET,CT}","{PET,CT}","{CT,PET}"
"33082371","{CT,scans,MRI}","{CT,scan,images,patient,information}","{CT,images,information,MRI,patient,scan,scans}"
"33131680","{Electrophysiology}","{Electrophysiology,Imaging}","{Electrophysiology,Imaging}"
"33149148","{Pathology,Transcriptome}","{images,text}","{images,Pathology,text,Transcriptome}"
"33161063","{Parent-report}","{parent-report,data}","{data,parent-report,Parent-report}"
"33167779","{Electrocardiogram,Cardiovascular}","{electrocardiogram}","{Cardiovascular,electrocardiogram,Electrocardiogram}"
"33177614","{Electronic,health,records}","{Clinical,features,Pre-existing,PVR}","{Clinical,Electronic,features,health,Pre-existing,PVR,records}"
"33187484","{Blood,culture}","{blood,cultures}","{blood,Blood,culture,cultures}"
"33205549","{Demographic,Symptomatic,Clinical}","{text}","{Clinical,Demographic,Symptomatic,text}"
"33224912","{Telemedicine}","{Telemedicine,Healthcare}","{Healthcare,Telemedicine}"
"33242116","{fMRI}","{static,dynamic}","{dynamic,fMRI,static}"
"33260138","{Magnetic,Resonance,Imaging,(T2-weighted,MR,images)}","{Magnetic,Resonance,Imaging,(MRI)}","{images),Imaging,Magnetic,MR,(MRI),Resonance,(T2-weighted}"
"33280549","{Computed,Tomography}","{modality1:,""null"",modality2:,""null""}","{Computed,modality1:,modality2:,""null"",Tomography}"
"33294774",NULL,"{X-rays,CT,scans}","{CT,scans,X-rays}"
"33285711","{CT,scans}","{Imaging,Clinical,Data}","{Clinical,CT,Data,Imaging,scans}"
"33288765","{genomic}","{single-sample,multi-region,sampling}","{genomic,multi-region,sampling,single-sample}"
"33310630","{EEG}","{face,processing,temporal,and,spatial}","{and,EEG,face,processing,spatial,temporal}"
"33317634","{Genomic,Epigenetic}","{value:,DNA,methylation}","{DNA,Epigenetic,Genomic,methylation,value:}"
"33350595","{Medical,records}","{ANN}","{ANN,Medical,records}"
"33391794",NULL,"{biomedical,computational}","{biomedical,computational}"
"33394116","{Imaging}","{MRI}","{Imaging,MRI}"
"33418122","{MRI}","{MRI,Artificial,Brain,Tumor,Models}","{Artificial,Brain,Models,MRI,Tumor}"
"33420416",NULL,"{modality:,Images,modality:,Text}","{Images,modality:,Text}"
"33422894","{Structural,magnetic,resonance,imaging,scans}","{MRI}","{imaging,magnetic,MRI,resonance,scans,Structural}"
"33423132","{Ultrasound,Grayscale}","{Ultrasound}","{Grayscale,Ultrasound}"
"33441847",NULL,"{Text:,true,Audio:,false,Image:,false}","{Audio:,false,Image:,Text:,true}"
"33442676","{Medical}",NULL,"{Medical}"
"33445089","{Visual,processing,Spatial,memory,Attention,Executive,function}","{Cognitive,Visual}","{Attention,Cognitive,Executive,function,memory,processing,Spatial,Visual}"
"33458268","{Computed,Tomography}","{Computed,Tomography}","{Computed,Tomography}"
"33472890",NULL,"{Text:,""null"",Audio:,""null"",Image:,""null""}","{Audio:,Image:,""null"",Text:}"
"33480187","{Neuroimaging}","{Voxels,in,the,brain.:,MRI,Imaging}","{brain.:,Imaging,in,MRI,Neuroimaging,the,Voxels}"
"33481459","{Chest,Radiographs,Computed,Tomography,(CT)}","{Chest,CT,Chest,Radiograph}","{Chest,Computed,(CT),CT,Radiograph,Radiographs,Tomography}"
"33501414","{Biometric,Data,Laboratory,Analysis}",NULL,"{Analysis,Biometric,Data,Laboratory}"
"33515058","{Medical}",NULL,"{Medical}"
"33539251","{Radiological,Chemical}","{text,affiliations}","{affiliations,Chemical,Radiological,text}"
"33549146","{Fecal,microbiota,composition}",NULL,"{composition,Fecal,microbiota}"
"33554457","{Facial,features}","{Image}","{Facial,features,Image}"
"33557612","{Magnetic,Resonance,Imaging}","{modality:,MRI}","{Imaging,Magnetic,modality:,MRI,Resonance}"
"33558044",NULL,"{#text:,self-reported,measures,$type:,array}","{$type:,array,measures,self-reported,#text:}"
"33564942",NULL,"{Text,Image}","{Image,Text}"
"33577219","{Audiology}","{Audiology-Only,Predictors,All,Predictors}","{All,Audiology,Audiology-Only,Predictors}"
"33599043","{1.5T,Inversion-recovery,segmented,gradient-echo,Balanced,steady-state,free-precession}","{MRI,cine,sequences}","{1.5T,Balanced,cine,free-precession,gradient-echo,Inversion-recovery,MRI,segmented,sequences,steady-state}"
"33602921",NULL,"{""""}","{""""}"
"33610035","{PPG,OVG}","{PPG,OVG}","{OVG,PPG}"
"33622655","{Magnetic,Resonance,Imaging,Diffusion,Tensor,Imaging,Functional,Magnetic,Resonance,Imaging}","{Imaging}","{Diffusion,Functional,Imaging,Magnetic,Resonance,Tensor}"
"33634751",NULL,"{count:,2,value:,Image,count:,1,value:,Text,count:,0,value:,Audio,count:,0,value:,Video}","{0,1,2,Audio,count:,Image,Text,value:,Video}"
"33650265","{Urology,Reproducive,Health}","{Imaging}","{Health,Imaging,Reproducive,Urology}"
"33658605",NULL,"{modality:,text,modality:,video,modality:,audio,modality:,image,modality:,""null""}","{audio,image,modality:,""null"",text,video}"
"33692779","{Peripheral,blood,cells,Clinical,data}","{Gene,expression,Clinical,data}","{blood,cells,Clinical,data,expression,Gene,Peripheral}"
"33723044",NULL,"{Text}","{Text}"
"33726819",NULL,"{Text,Image}","{Image,Text}"
"33739635","{Computed,Tomography}","{Image}","{Computed,Image,Tomography}"
"33753252","{Patch,testing}","{skin,images,patient,information}","{images,information,Patch,patient,skin,testing}"
"33753312",NULL,"{""""}","{""""}"
"33764818",NULL,"{Clinical,data,Imaging}","{Clinical,data,Imaging}"
"33766511",NULL,"{skin,images,medical,data}","{data,images,medical,skin}"
"33767382",NULL,"{""""}","{""""}"
"33770525","{Neuroimaging}","{""null"",""null"",""null"",""null"",""null"",""null"",""null"",""null"",""null"",""null"",""null"",""null""}","{Neuroimaging,""null""}"
"33780727","{Electroencephalogram,(EEG)}","{Type:,scalograms,Modality:,EEG,Modality:,image-like,format}","{(EEG),EEG,Electroencephalogram,format,image-like,Modality:,scalograms,Type:}"
"33804307",NULL,"{text}","{text}"
"33820939",NULL,"{text,image}","{image,text}"
"33823116","{Laboratory,Data,Clinical,Data}","{Text}","{Clinical,Data,Laboratory,Text}"
"33824310","{brain,MRI,scans}","{MRI}","{brain,MRI,scans}"
"33836309","{DXA,vertebral,fracture,assessment,images,Single-energy,and,dual-energy,images}","{Image}","{and,assessment,dual-energy,DXA,fracture,Image,images,Single-energy,vertebral}"
"33850128","{Neuroimaging,Phenotypic,data}","{Neuroimaging,Transcriptomics}","{data,Neuroimaging,Phenotypic,Transcriptomics}"
"33856350","{Vital,signs,Electronic,health,records}","{heart,rate,respiratory,rate,blood,oxygen,saturation,(SpO2),age,gender,admission,type,first,care,unit,cardiovascular,disease,history}","{admission,age,blood,cardiovascular,care,disease,Electronic,first,gender,health,heart,history,oxygen,rate,records,respiratory,saturation,signs,(SpO2),type,unit,Vital}"
"33880420","{Next-generation,sequencing,(NGS),Computational,predictor}","{RNA,sequencing,Artificial,intelligence}","{Artificial,Computational,intelligence,Next-generation,(NGS),predictor,RNA,sequencing}"
"33858815","{Transplant,recipient,data}","{Modality:,Image,Modality:,Text}","{data,Image,Modality:,recipient,Text,Transplant}"
"33865966","{Accelerometry}","{Accelerometry}","{Accelerometry}"
"33909990",NULL,NULL,"{}"
"33914797","{Swept-source,optical,coherence,tomography,(OCT),imaging,Triton}","{Optical,Coherence,Tomography,(OCT)}","{coherence,Coherence,imaging,(OCT),optical,Optical,Swept-source,tomography,Tomography,Triton}"
"33934542","{Medical}","{text,image}","{image,Medical,text}"
"33937724",NULL,"{Text,Image}","{Image,Text}"
"33951562","{Accelerometer,signals}","{Accelerometer}","{Accelerometer,signals}"
"33953261","{hand,motion,signals}","{hand,motion,signals:,true}","{hand,motion,signals,signals:,true}"
"33955603",NULL,"{Modality:,Images,Modality:,Text}","{Images,Modality:,Text}"
"33962603","{Affiliation}","{tags:,""null"",Country:,Australia,tags:,""null"",Country:,Germany,tags:,""null"",Country:,India,tags:,""null"",Country:,Turkey,tags:,""null"",Country:,South,Korea,tags:,""null"",Country:,Tunisia,tags:,""null"",Country:,Ecuador,tags:,""null"",Country:,Greece,tags:,""null"",Country:,Morocco,tags:,""null"",Country:,Thailand,tags:,""null"",Country:,USA,tags:,""null"",Country:,Austria,tags:,""null"",Country:,Spain}","{Affiliation,Australia,Austria,Country:,Ecuador,Germany,Greece,India,Korea,Morocco,""null"",South,Spain,tags:,Thailand,Tunisia,Turkey,USA}"
"33963192",NULL,NULL,"{}"
"33977272","{MRI}",NULL,"{MRI}"
"33979407","{EEG}","{EEG}","{EEG}"
"33984844","{ECG}","{ECG}","{ECG}"
"33987451","{histology,images}","{Image}","{histology,Image,images}"
"33988925","{Structural,Magnetic,Resonance,Imaging}","{MRI}","{Imaging,Magnetic,MRI,Resonance,Structural}"
"33991581",NULL,"{""""}","{""""}"
"33997620","{QC,NY}",NULL,"{NY,QC}"
"34003504","{Text,Nil}","{modality:,text,modality:,none,specified}","{modality:,Nil,none,specified,text,Text}"
"34004274","{Electronic,medical,record,data,Machine,learning,algorithms}",NULL,"{algorithms,data,Electronic,learning,Machine,medical,record}"
"34019229","{Text,Numerical}","{demographics:,""null""}","{demographics:,""null"",Numerical,Text}"
"34020414","{Clinical,Demographic,Expectations,Cognitive,Appraisal}","{Text}","{Appraisal,Clinical,Cognitive,Demographic,Expectations,Text}"
"34023273","{Echocardiography,Computed,Tomography,Cardiovascular,Magnetic,Resonance,Imaging}","{echocardiography,computed,tomography,(CT),cardiovascular,magnetic,resonance,(CMR),imaging}","{cardiovascular,Cardiovascular,(CMR),computed,Computed,(CT),echocardiography,Echocardiography,imaging,Imaging,magnetic,Magnetic,resonance,Resonance,tomography,Tomography}"
"34026680","{Fetal,Heart,Rate,Arterial,Blood,Pressure}","{electrocardiogram,blood,pressure}","{Arterial,blood,Blood,electrocardiogram,Fetal,Heart,pressure,Pressure,Rate}"
"34028616","{Saliva,RNA,biomarkers}","{saliva,RNA,biomarkers,levels:,""null"",balance,and,cognitive,test,performance:,""null""}","{and,balance,biomarkers,cognitive,levels:,""null"",performance:,RNA,saliva,Saliva,test}"
"34031407","{fMRI}","{fMRI}","{fMRI}"
"34048901",NULL,"{EEG,fMRI}","{EEG,fMRI}"
"34050594",NULL,"{Text}","{Text}"
"34052016","{Skin,Cancer,Images}","{skin,cancer,image,classification}","{cancer,Cancer,classification,image,Images,skin,Skin}"
"34055577","{text}","{text}","{text}"
"34060330","{Genomics}","{text}","{Genomics,text}"
"34078897","{Imaging,""null""}","{Radiology,Neurology}","{Imaging,Neurology,""null"",Radiology}"
"34080925","{EEG}","{EEG}","{EEG}"
"34127064","{GPS}","{Modality:,GPS,data,loggers,Modality:,Cerebrospinal,fluid,biomarkers}","{biomarkers,Cerebrospinal,data,fluid,GPS,loggers,Modality:}"
"34131749","{MRI}","{MRI}","{MRI}"
"34140617","{Neuroimaging}","{neuroimaging}","{neuroimaging,Neuroimaging}"
"34145556","{3D,rotational,angiography}","{Image,Hemodynamic}","{3D,angiography,Hemodynamic,Image,rotational}"
"34153626","{MRI}","{Imaging,Modalities:,Magnetic,Resonance,Imaging}","{Imaging,Magnetic,Modalities:,MRI,Resonance}"
"34156719","{CT}","{image,text}","{CT,image,text}"
"34176681","{Blood}","{blood-based,cfDNA,sequencing}","{Blood,blood-based,cfDNA,sequencing}"
"34185798","{Demographic,Physiologic,Clinical}",NULL,"{Clinical,Demographic,Physiologic}"
"34214101","{Invasive,Non-invasive}","{invasive,non-invasive}","{invasive,Invasive,non-invasive,Non-invasive}"
"34214980","{""null""}",NULL,"{""null""}"
"34215614","{Audio}","{Audio}","{Audio}"
"34228341","{Imaging,Clinical}","{myocardial,perfusion,imaging,(MPI),angiography}","{angiography,Clinical,imaging,Imaging,(MPI),myocardial,perfusion}"
"34243824","{Survey,Questionnaire}","{Survey,Questionnaire}","{Questionnaire,Survey}"
"34245019","{Text,Clinical,variables}","{Modality:,Text,Image}","{Clinical,Image,Modality:,Text,variables}"
"34259870",NULL,"{Echocardiography,Nuclear,Medicine}","{Echocardiography,Medicine,Nuclear}"
"34262079","{Diffusion,Tensor,Imaging,(DTI)}","{Diffusion,Tensor,Imaging}","{Diffusion,(DTI),Imaging,Tensor}"
"34267327","{Clinical,Data,Protein,Expression}","{Text,Machine,Learning}","{Clinical,Data,Expression,Learning,Machine,Protein,Text}"
"34275140","{Clinical,Neurophysiological,Imaging}","{text,image}","{Clinical,image,Imaging,Neurophysiological,text}"
"34285187","{""null"",""null""}","{Text,Image}","{Image,""null"",Text}"
"34297511","{3D,camera,Infrared,imaging}","{Infrared,imaging}","{3D,camera,imaging,Infrared}"
"34308560","{Magnetic,Resonance,Imaging,(MRI)}","{Magnetic,Resonance,Imaging}","{Imaging,Magnetic,(MRI),Resonance}"
"34310676","{calcium,imaging,fMRI}","{calcium,imaging,fMRI}","{calcium,fMRI,imaging}"
"34311121","{TMS}","{TMS,measures}","{measures,TMS}"
"34322947",NULL,NULL,"{}"
"34327851","{Microbiota,composition}",NULL,"{composition,Microbiota}"
"34328661","{Mammograms,Breast,CT}","{Mammograms}","{Breast,CT,Mammograms}"
"34337338","{Histopathology}","{Histopathology,Machine,Learning}","{Histopathology,Learning,Machine}"
"34339947","{Temporalology,Genetics}","{MRI,EEG}","{EEG,Genetics,MRI,Temporalology}"
"34344562","{Cardiac,Ultrasound,Inertial,Measurement,Device}","{Image,Probe,motion}","{Cardiac,Device,Image,Inertial,Measurement,motion,Probe,Ultrasound}"
"34352294","{Neuroimaing}","{modality:,structural,neuroimaing,modality:,biological}","{biological,modality:,neuroimaing,Neuroimaing,structural}"
"34353531","{MRI,""null""}","{Cardiology}","{Cardiology,MRI,""null""}"
"34359623","{MRI,CT}","{CT,MRI}","{CT,MRI}"
"34372915","{genomics}","{text,genomic,data}","{data,genomic,genomics,text}"
"34384621","{Single-surgeon,RARP,Patient-reported,outcomes}","{patient-reported,outcomes}","{outcomes,patient-reported,Patient-reported,RARP,Single-surgeon}"
"34387095","{Imaging,Genomics}","{Imaging,data,Genomic,information}","{data,Genomic,Genomics,Imaging,information}"
"34389724","{Genomics,Population,Genetics}","{blood,samples,genomics}","{blood,Genetics,genomics,Genomics,Population,samples}"
"34392363","{Imaging,Medical,Imaging}","{radiology}","{Imaging,Medical,radiology}"
"34396283","{Clinical}","{text,image}","{Clinical,image,text}"
"34408203","{Face}","{fMRI,Face}","{Face,fMRI}"
"34419753",NULL,"{Gene,expression,""null""}","{expression,Gene,""null""}"
"34430044","{Images}","{Images}","{Images}"
"34433834","{Whole-Blood,Transcriptomics,Data}","{Whole-Blood,Transcriptomics}","{Data,Transcriptomics,Whole-Blood}"
"34441340",NULL,"{A:,India,M:,USA,S:,USA,V:,USA,Z:,Hungary,GD:,UK,JS:,USA,SK:,USA}","{A:,GD:,Hungary,India,JS:,M:,S:,SK:,UK,USA,V:,Z:}"
"34451039","{Sensors}","{knee,adduction,moment,knee,flexion,moment}","{adduction,flexion,knee,moment,Sensors}"
"34463809","{PET/CT,Low-Dose,CT}","{Imaging,Clinical,data}","{Clinical,CT,data,Imaging,Low-Dose,PET/CT}"
"34466045","{Electromyographic,activity,(EMG-MMA),MJM}","{EMG-MMA,MJM}","{activity,Electromyographic,(EMG-MMA),EMG-MMA,MJM}"
"34467426","{MRI,TRUS}","{T2-weighted,(T2W),MRI,Apparent,diffusion,coefficient,(ADC)}","{(ADC),Apparent,coefficient,diffusion,MRI,(T2W),T2-weighted,TRUS}"
"34471189","{sagittal,frontal}","{sagittal,and,frontal,motion,planes}","{and,frontal,motion,planes,sagittal}"
"34487983","{Image}","{Image,Video}","{Image,Video}"
"34489404","{transcriptomic}","{gene,embeddings,topic,embeddings}","{embeddings,gene,topic,transcriptomic}"
"34496940","{Clinical,features,Blood,markers}","{Modality:,Clinical,Modality:,Blood,markers}","{Blood,Clinical,features,markers,Modality:}"
"34508027",NULL,"{text:,""null"",image:,""null"",video:,""null""}","{image:,""null"",text:,video:}"
"34508095","{Gene,expression,Neuropathology}","{Name:,gene,expression,Name:,human,phenotypes}","{expression,gene,Gene,human,Name:,Neuropathology,phenotypes}"
"34526699",NULL,NULL,"{}"
"34528885","{Mobile,Outpatient}","{""null""}","{Mobile,""null"",Outpatient}"
"34566600","{Resting-State,EEG,Structural,MRI}","{Resting-state,EEG,Structural,MRI}","{EEG,MRI,Resting-state,Resting-State,Structural}"
"34573331","{Whole,blood}","{Genetic}","{blood,Genetic,Whole}"
"34581405","{Clinical,Demographic}","{clinical,and,demographic,predictor,variables,prodromal,symptom,remission}","{and,clinical,Clinical,demographic,Demographic,predictor,prodromal,remission,symptom,variables}"
"34600848","{Text,Numerical}",NULL,"{Numerical,Text}"
"34609322","{Capnography}","{capnography}","{capnography,Capnography}"
"34618413","{Image}","{Imaging,Pathology}","{Image,Imaging,Pathology}"
"34621541",NULL,"{modal1:,X-ray,modal2:,MRI}","{modal1:,modal2:,MRI,X-ray}"
"34622225","{Hematoxylin,and,eosin,(HE)-stained,tissues}","{hematoxylin,and,eosin,(HE)-stained,tissues}","{and,eosin,hematoxylin,Hematoxylin,(HE)-stained,tissues}"
"34635910",NULL,"{Gastroenterology,Surgery}","{Gastroenterology,Surgery}"
"34655865","{fMRI}","{Functional,Magnetic,Resonance,Images,(fMRI)}","{(fMRI),fMRI,Functional,Images,Magnetic,Resonance}"
"34668699","{Structural,Biophysical}",NULL,"{Biophysical,Structural}"
"34686914","{kidney,function,measurements,vesicoureteral,reflux,grade,renal,dysplasia,at,presentation}","{Urology,Surgery}","{at,dysplasia,function,grade,kidney,measurements,presentation,reflux,renal,Surgery,Urology,vesicoureteral}"
"34705042","{Functional,magnetic,resonance,imaging,(fMRI)}","{Functional,Magnetic,Resonance,Imaging}","{(fMRI),Functional,imaging,Imaging,magnetic,Magnetic,resonance,Resonance}"
"34706445","{Electronic,medical,records}","{Text}","{Electronic,medical,records,Text}"
"34715288","{MRI}","{MRI}","{MRI}"
"34716214","{electronic}",NULL,"{electronic}"
"34716400",NULL,NULL,"{}"
"34719765","{Medical,University,Department,of,Psychiatry,Knight,Alzheimer,Disease,Research,Center}","{text:,false,image:,false,video:,false}","{Alzheimer,Center,Department,Disease,false,image:,Knight,Medical,of,Psychiatry,Research,text:,University,video:}"
"34726496","{grid,project}","{modality:,Text,modality:,Images}","{grid,Images,modality:,project,Text}"
"34737094","{Serum,data}",NULL,"{data,Serum}"
"34740952",NULL,"{radiology}","{radiology}"
"34743445","{Oncology}","{Medical,images,Clinical,data}","{Clinical,data,images,Medical,Oncology}"
"34744927","{self-report,measures}","{text,numeric}","{measures,numeric,self-report,text}"
"34763798","{Medical,Images}","{images}","{images,Images,Medical}"
"34767577","{Clinical,data}",NULL,"{Clinical,data}"
"34770729","{Inertial,motion,unit,(IMU)-based,physiological,vibration,acceleration}","{Wearable,inertial,motion,unit,(IMU)-based,physiological,vibration,acceleration,sensor}","{acceleration,(IMU)-based,inertial,Inertial,motion,physiological,sensor,unit,vibration,Wearable}"
"34773476","{Clinical,Ultrasound}","{ultrasound}","{Clinical,ultrasound,Ultrasound}"
"34773974","{Imaging,Genomics}",NULL,"{Genomics,Imaging}"
"34777332","{Single,Cell,RNA,sequencing,Serum,antibody,titers}","{Modality:,Single,Cell,RNA,Sequencing}","{antibody,Cell,Modality:,RNA,sequencing,Sequencing,Serum,Single,titers}"
"34791422","{electronic,monitoring,electronic,health,records,smartphones,wearables}","{Electronic,Monitoring,Electronic,Health,Records,Smartphones}","{electronic,Electronic,health,Health,monitoring,Monitoring,records,Records,smartphones,Smartphones,wearables}"
"34793435",NULL,"{Survey,Questionnaire}","{Questionnaire,Survey}"
"34797702","{Computed,Tomography}","{CT}","{Computed,CT,Tomography}"
"34798245","{Accelerometry}","{acceleration}","{acceleration,Accelerometry}"
"34829456","{Ultrasound}","{Ultrasound}","{Ultrasound}"
"34837951",NULL,"{Classification,Regression}","{Classification,Regression}"
"34850171","{Diagnostic,Imaging}","{MRI,CT}","{CT,Diagnostic,Imaging,MRI}"
"34851292","{Neuroscience}","{""""}","{"""",Neuroscience}"
"34854943","{Optical,Coherence,Tomography,Coronary,Angiography}","{optical,coherence,tomography,(OCT),coronary,angiography}","{angiography,Angiography,coherence,Coherence,coronary,Coronary,(OCT),optical,Optical,tomography,Tomography}"
"34863649","{ECG,Imaging}","{echocardiogram,ECG}","{ECG,echocardiogram,Imaging}"
"34864679","{Demographic,Genetic,Neuropsychiatric,Neuroimaging}",NULL,"{Demographic,Genetic,Neuroimaging,Neuropsychiatric}"
"34878526",NULL,"{interview,schedule,machine,learning,algorithm}","{algorithm,interview,learning,machine,schedule}"
"34920543",NULL,"{text,image}","{image,text}"
"34921162","{Electrocardiogram}","{Maternal,abdominal,electrocardiograms,Fetal,ECG}","{abdominal,ECG,Electrocardiogram,electrocardiograms,Fetal,Maternal}"
"34937750","{upper,limb,Fugl-Meyer,(FM),scores}","{upper,limb,Fugl-Meyer,(FM),scores}","{(FM),Fugl-Meyer,limb,scores,upper}"
"34953074","{HR-pQCT}","{Computed,Tomography}","{Computed,HR-pQCT,Tomography}"
"35101728","{multi-modal}","{image,multi-modal}","{image,multi-modal}"
"34967848",NULL,"{text,image}","{image,text}"
"34979435","{Histopathology}","{Images}","{Histopathology,Images}"
"34997373","{MRI,ESR,CRP}","{MRI}","{CRP,ESR,MRI}"
"35002915","{Video}","{Video,Inertial,measurement,units}","{Inertial,measurement,units,Video}"
"35006495","{Chest,radiographs}","{chest,radiographs}","{chest,Chest,radiographs}"
"35007352","{Hematoxylin,and,eosin}","{Modality:,Whole,Slide,Images,(WSIs),Modality:,Hematoxylin,and,Eosin-stained,images}","{and,eosin,Eosin-stained,Hematoxylin,images,Images,Modality:,Slide,Whole,(WSIs)}"
"35017538",NULL,"{modality1:,nuclear,and,mitochondrial,somatic,mutational,landscape,modality2:,tumour-types}","{and,landscape,mitochondrial,modality1:,modality2:,mutational,nuclear,somatic,tumour-types}"
"35021305","{Clinical,Hormonal,Semen,Analysis}","{hormonal,clinical,semen,analysis}","{analysis,Analysis,clinical,Clinical,hormonal,Hormonal,semen,Semen}"
"35025073","{Computed,Tomography}","{Image}","{Computed,Image,Tomography}"
"35025756","{Email,Internet}","{self-reported,data}","{data,Email,Internet,self-reported}"
"35026177","{Hospital,Medicine,Pulmonary,Critical,Care}","{""""}","{"""",Care,Critical,Hospital,Medicine,Pulmonary}"
"35027755","{Image}","{count:,""null"",modality:,image,count:,""null"",modality:,text}","{count:,image,Image,modality:,""null"",text}"
"35030208","{""""}","{Text,Questionnaire}","{"""",Questionnaire,Text}"
"35039069",NULL,"{Text,Survival,Data}","{Data,Survival,Text}"
"35056931","{Computational,Modeling,Finite,Element,Method}","{temperature-sensitive,liposomes,magnetic,hyperthermia}","{Computational,Element,Finite,hyperthermia,liposomes,magnetic,Method,Modeling,temperature-sensitive}"
"35058354","{genomics,histology}","{mRNA,measurements}","{genomics,histology,measurements,mRNA}"
"35099942","{Serum,Metabolic,Fingerprints}",NULL,"{Fingerprints,Metabolic,Serum}"
"35077592","{laboratory,echocardiographic}","{type:,Physiological}","{echocardiographic,laboratory,Physiological,type:}"
"35098027",NULL,NULL,"{}"
"35111593","{Imaging,Dopamine,transposer,-,single,photon,emission,computed,tomography,(DAT,SPECT),images}","{text:,SPECT-based,radiomics,features,category:,modality,text:,MRI,images,category:,modality}","{-,category:,computed,(DAT,Dopamine,emission,features,images,Imaging,modality,MRI,photon,radiomics,single,SPECT),SPECT-based,text:,tomography,transposer}"
"35120173","{Ultrasonography}","{Ultrasonography}","{Ultrasonography}"
"35121948","{Electronic,Health,Records,(EHRs),medical,notes}","{health,data,medical,notes}","{data,(EHRs),Electronic,health,Health,medical,notes,Records}"
"35136125","{Gas,chromatography,Mass,spectrometry}","{Volatile,Organic,Compounds,(VOCs),Gas,Chromatography,Time-of-Flight,Mass,Spectrometry}","{chromatography,Chromatography,Compounds,Gas,Mass,Organic,spectrometry,Spectrometry,Time-of-Flight,(VOCs),Volatile}"
"35137490","{Radiographs}","{Radiographs}","{Radiographs}"
"35141430","{Health,data,Vaccine,coverage}","{Text}","{coverage,data,Health,Text,Vaccine}"
"35157713","{Swept-source,OCT,OCT-angiography}","{Optical,Coherence,Tomography,Angiography}","{Angiography,Coherence,OCT,OCT-angiography,Optical,Swept-source,Tomography}"
"35168594","{Text}","{text}","{text,Text}"
"35172791","{Healthcare,Utilization}",NULL,"{Healthcare,Utilization}"
"35179046",NULL,NULL,"{}"
"35184845","{Image}","{Images}","{Image,Images}"
"35193167","{"""",facial,expressions}","{face,emotion}","{"""",emotion,expressions,face,facial}"
"35194075","{CT,scans}","{CT}","{CT,scans}"
"35210316",NULL,"{Imaging,Machine,Learning}","{Imaging,Learning,Machine}"
"35210331","{Neuroradiology,Radiology,Neurology,Medicine}","{Neuroradiology,Radiology,Neurology}","{Medicine,Neurology,Neuroradiology,Radiology}"
"35214095","{Fluid,Flow,Solute,Transport}","{Text,Abstract}","{Abstract,Flow,Fluid,Solute,Text,Transport}"
"35216930",NULL,"{CT}","{CT}"
"35225756",NULL,"{""null"",""null"",""null"",""null"",""null"",""null""}","{""null""}"
"35231927","{Functional,MRI}","{fMRI}","{fMRI,Functional,MRI}"
"35240789","{Cardiac,MRI,Other,imaging,factors}","{Images}","{Cardiac,factors,Images,imaging,MRI,Other}"
"35264564",NULL,NULL,"{}"
"35269470","{Research,Medical}","{text,image}","{image,Medical,Research,text}"
"35293872","{TEXT}","{text,data}","{data,text,TEXT}"
"35294251","{brain,functional,magnetic,resonance,imaging,behavioral}","{fMRI}","{behavioral,brain,fMRI,functional,imaging,magnetic,resonance}"
"35297114","{7,T,MRI}","{7,T,MRI,MP2RAGE,T2,*-weighted,GRE}","{7,GRE,MP2RAGE,MRI,T,T2,*-weighted}"
"35305867","{Genomic}","{Text}","{Genomic,Text}"
"35311178","{Clinical,Genomic}","{Text}","{Clinical,Genomic,Text}"
"35321230","{functional,magnetic,resonance,imaging,diffusion,MRI}","{fmri,diffusion,MRI}","{diffusion,fmri,functional,imaging,magnetic,MRI,resonance}"
"35321918",NULL,"{Modality_used:,Imaging,Type_of_Modalitiy:,CT,Scan,Modality_used:,Physiological,signals,Type_of_Modalitiy:,ECG}","{CT,ECG,Imaging,Modality_used:,Physiological,Scan,signals,Type_of_Modalitiy:}"
"35322668","{Text}","{value:,text,value:,administrative,data}","{administrative,data,text,Text,value:}"
"35361575","{MR,imaging}","{T2-weighted,gadolinium-enhanced,T1-weighted}","{gadolinium-enhanced,imaging,MR,T1-weighted,T2-weighted}"
"35361921","{Whole-blood,DNAm}","{genomics,epigenetics}","{DNAm,epigenetics,genomics,Whole-blood}"
"35363276",NULL,"{morphological,locomotor,sensory,and,learning,phenotypes}","{and,learning,locomotor,morphological,phenotypes,sensory}"
"35372638",NULL,NULL,"{}"
"35377806","{single-cell,RNA-sequencing}","{Name:,Cellular,Description:,""null"",Name:,Transcriptional,Description:,""null""}","{Cellular,Description:,Name:,""null"",RNA-sequencing,single-cell,Transcriptional}"
"35381453","{Medical,imaging}","{SPECT,PET}","{imaging,Medical,PET,SPECT}"
"35391789",NULL,NULL,"{}"
"35394862","{Text}","{""""}","{"""",Text}"
"35405523","{Cardiovascular,signatures}","{Affiliation}","{Affiliation,Cardiovascular,signatures}"
"35410226","{Cardiovascular,magnetic,resonance,(CMR),images}","{Imaging,Data,Cardiovascular,Data}","{Cardiovascular,(CMR),Data,images,Imaging,magnetic,resonance}"
"35419699","{SPECT}","{SPECT}","{SPECT}"
"35422402","{CT}","{Sagittal,images,Axial,images}","{Axial,CT,images,Sagittal}"
"35434676","{Electronic,health,records,Genomic,data}","{None}","{data,Electronic,Genomic,health,None,records}"
"35449371",NULL,"{Novel,dataset,Multiple,disease,areas}","{areas,dataset,disease,Multiple,Novel}"
"35454066","{Magnetic,Resonance}","{Magnetic,Resonance,(MR),images}","{images,Magnetic,(MR),Resonance}"
"35459793",NULL,NULL,"{}"
"35466939","{MRI,Genetic,Data}","{MRI,Genetic}","{Data,Genetic,MRI}"
"35475554","{Genotype-phenotype,data}","{Text}","{data,Genotype-phenotype,Text}"
"35477557","{genomics}","{gene_expression}","{gene_expression,genomics}"
"35483906","{MR,Imaging}","{MR,imaging}","{imaging,Imaging,MR}"
"35486643","{Brain,Imaging}","{brain,imaging}","{brain,Brain,imaging,Imaging}"
"35490557","{Near-Infrared,Spectroscopy}","{fNIRS,cognitive}","{cognitive,fNIRS,Near-Infrared,Spectroscopy}"
"35490641","{3D,simulation,Tumor,growth}","{Medical,Imaging}","{3D,growth,Imaging,Medical,simulation,Tumor}"
"35511879","{retinal,vessel,analysis,computed,tomography,angiography}","{Image,data,(retinal,fundus,images),Clinical,outcomes}","{analysis,angiography,Clinical,computed,data,fundus,Image,images),outcomes,(retinal,retinal,tomography,vessel}"
"35512997","{Nuclear,Cardiology}","{value:,""null"",value:,""null"",value:,""null"",value:,""null""}","{Cardiology,Nuclear,""null"",value:}"
"35536000","{diffusion,tensor,resting-state,functional,magnetic,resonance,imaging}","{structural,and,functional,MRI}","{and,diffusion,functional,imaging,magnetic,MRI,resonance,resting-state,structural,tensor}"
"35540307",NULL,"{IoT,vaccine}","{IoT,vaccine}"
"35550304",NULL,NULL,"{}"
"35553346",NULL,"{EEG}","{EEG}"
"35558638","{Audio}","{Audio}","{Audio}"
"35562794","{Flow,Cytometry}",NULL,"{Cytometry,Flow}"
"35568604","{Clinical}",NULL,"{Clinical}"
"35578132","{Functional,connectivity}","{resting-state,functional,connectivity}","{connectivity,functional,Functional,resting-state}"
"35586452","{Acoustic}","{Acoustic,data}","{Acoustic,data}"
"35594754","{Electronic,Medical,Records}","{Electronic,Medical,Records,Claims,Data}","{Claims,Data,Electronic,Medical,Records}"
"35603264","{Electronic,health,record,data}","{uncomplicated,urinary,tract,infections,infections}","{data,Electronic,health,infections,record,tract,uncomplicated,urinary}"
"35608211","{Imaging,Cardiovascular}","{image,functional}","{Cardiovascular,functional,image,Imaging}"
"35616520",NULL,"{modality:,None,modality:,Department,of,Child,and,Adolescent,Psychiatry,and,Psychotherapy,University,Medical,Centre,Göttingen,Göttingen,Germany.}","{Adolescent,and,Centre,Child,Department,Germany.,Göttingen,Medical,modality:,None,of,Psychiatry,Psychotherapy,University}"
"35632155","{Upper,limb,exercises}","{Anthropomorphic,Exoskeleton,Robot}","{Anthropomorphic,exercises,Exoskeleton,limb,Robot,Upper}"
"35640774","{EHR,Insurance,Claims}","{Electronic,health,record}","{Claims,EHR,Electronic,health,Insurance,record}"
"35641101","{Echocardiographic}","{Echocardiographic,Clinical}","{Clinical,Echocardiographic}"
"35657100","{Videofluoroscopic,Kinematic}","{video,kinematics}","{Kinematic,kinematics,video,Videofluoroscopic}"
"35659446","{T1,weighted,MRI,scans,SPECT,CSF}","{Neuroimaging,Biological}","{Biological,CSF,MRI,Neuroimaging,scans,SPECT,T1,weighted}"
"35661152","{Imaging,Clinical}","{Diagnostic,Imaging,Neurosurgery,Pediatrics}","{Clinical,Diagnostic,Imaging,Neurosurgery,Pediatrics}"
"35670996","{Neurology,Radiology}","{text}","{Neurology,Radiology,text}"
"35676445","{Radiation,Oncology,Biomedical,Data,Science}","{affiliation,radiation,oncology}","{affiliation,Biomedical,Data,oncology,Oncology,radiation,Radiation,Science}"
"35688143","{Electrocardiograms}","{ECG,Reduced-lead,electrocardiograms}","{ECG,electrocardiograms,Electrocardiograms,Reduced-lead}"
"35694836","{Imaging,Clinical,status}","{Urology}","{Clinical,Imaging,status,Urology}"
"35710638","{metabolomics,gas,chromatography-liquid,chromatography,mass,spectrometry}","{Liquid,chromatography,Mass,spectrometry}","{chromatography,chromatography-liquid,gas,Liquid,mass,Mass,metabolomics,spectrometry}"
"35720974","{Sequencing}",NULL,"{Sequencing}"
"35727872","{Imaging,Nuclear,Medicine}",NULL,"{Imaging,Medicine,Nuclear}"
"35751196",NULL,"{""""}","{""""}"
"35767811",NULL,"{text,affiliation,information}","{affiliation,information,text}"
"35809887","{Magnetic,Resonance,Angiography,MR,imaging}","{MRI}","{Angiography,imaging,Magnetic,MR,MRI,Resonance}"
"35814055","{Auditory}","{Auditory}","{Auditory}"
"35815015","{Structural,neuroimaging,data,(T1-weighted)}","{MRI}","{data,MRI,neuroimaging,Structural,(T1-weighted)}"
"35846158","{Amyloid,Fluorodeoxyglucose}","{positron,emission,tomography,fluorodeoxyglucose}","{Amyloid,emission,fluorodeoxyglucose,Fluorodeoxyglucose,positron,tomography}"
"35861853","{Accelerometer}","{Accelerometer,Clinical,assessment,metrics}","{Accelerometer,assessment,Clinical,metrics}"
"35867160","{Kidney,ultrasounds,Clinical,data}","{Ultrasound,MRI}","{Clinical,data,Kidney,MRI,Ultrasound,ultrasounds}"
"35878565","{Nonbrain,Structural,MRI,Functional,connectivity}","{non-brain,data,structural,MRI,functional,connectivity}","{connectivity,data,functional,Functional,MRI,non-brain,Nonbrain,structural,Structural}"
"35879995","{RNA,sequencing}","{Modality:,Text,Modality:,Image}","{Image,Modality:,RNA,sequencing,Text}"
"35887329","{Proteomic,Biomarkers}","{text,image}","{Biomarkers,image,Proteomic,text}"
"35929952","{Laboratory,data,Demographic,data}","{text,machine,learning}","{data,Demographic,Laboratory,learning,machine,text}"
"35891394","{Viral,load,measurements,Number,of,cases}","{Ct,Number,of,cases}","{cases,Ct,load,measurements,Number,of,Viral}"
"35905414","{Hospitalization,data}",NULL,"{data,Hospitalization}"
"35906315","{Cardiorespiratory,signals}","{cardiorespiratory,signals}","{cardiorespiratory,Cardiorespiratory,signals}"
"35908273","{Raman,spectroscopy}","{Spectroscopy}","{Raman,spectroscopy,Spectroscopy}"
"35920839","{Continuous,glucose,monitoring,Short-acting,insulin,doses,Tracking,long-acting,insulin,doses}","{Continuous,glucose,monitoring,Short-acting,insulin,doses,Long-acting,insulin,doses}","{Continuous,doses,glucose,insulin,long-acting,Long-acting,monitoring,Short-acting,Tracking}"
"35938254","{social,media,conversations}","{Text}","{conversations,media,social,Text}"
"35946086","{Optical,coherence,tomography}","{Images:,""null"",OCT,features:,true}","{coherence,features:,Images:,""null"",OCT,Optical,tomography,true}"
"35953082",NULL,NULL,"{}"
"35970914","{Facial,phenotyping,Medical,records}","{photos,videos}","{Facial,Medical,phenotyping,photos,records,videos}"
"35980437","{intraoral,periapical,radiographs,CBCT}","{Image}","{CBCT,Image,intraoral,periapical,radiographs}"
"35990802","{text}","{Text,Text,Text,Text,Text,Text,Text,Text,Text}","{text,Text}"
"36046472","{Structural,Magnetic,Resonance,Imaging,(MRI)}","{MRI,Magnetic,Resonance,Imaging}","{Imaging,Magnetic,(MRI),MRI,Resonance,Structural}"
"36029344","{Computed,Tomography,Magnetic,Resonance,Imaging}","{text}","{Computed,Imaging,Magnetic,Resonance,text,Tomography}"
"36030226","{Phone-based,Self-assessment}","{behavioral,data,self-assessment}","{behavioral,data,Phone-based,self-assessment,Self-assessment}"
"36041077","{pressure,temperature,moisture}","{Humidity:,true,Temperature:,true,Surface_pressure:,true}","{Humidity:,moisture,pressure,Surface_pressure:,temperature,Temperature:,true}"
"36057825","{FDG-PET,Metabolic,brain,features}","{FDG-PET}","{brain,FDG-PET,features,Metabolic}"
"36064040","{CT,Imaging}","{Imaging}","{CT,Imaging}"
"36071172",NULL,"{image,text}","{image,text}"
"36072822","{Laboratory,results,Demographics,Clinical,characteristics}","{Electronic,health,records,Laboratory,results}","{characteristics,Clinical,Demographics,Electronic,health,Laboratory,records,results}"
"36093921",NULL,"{Image,Text}","{Image,Text}"
"36103642","{Computed,Tomography}","{CT,scans}","{Computed,CT,scans,Tomography}"
"36104471","{Physiology,Neurology,Neuroscience}","{Modality:,Physiology,Modality:,Neurology}","{Modality:,Neurology,Neuroscience,Physiology}"
"36119746","{Voltage,gradient,Photoplethysmographic}","{Signal,Image}","{gradient,Image,Photoplethysmographic,Signal,Voltage}"
"36126124","{Imaging}","{""""}","{"""",Imaging}"
"36137759","{SPECT,CT}","{SPECT,CT}","{CT,SPECT}"
"36146592",NULL,"{Text}","{Text}"
"36157589","{blood,counts}","{Hematology,Medical,Oncology}","{blood,counts,Hematology,Medical,Oncology}"
"36159919","{Survey}","{Modality:,Survey,data,Modality:,Questionnaire,data}","{data,Modality:,Questionnaire,Survey}"
"36164267","{Stool}","{Stool,samples,Faecal,samples}","{Faecal,samples,Stool}"
"36171426","{RNA,Translation}","{EEG,fMRI}","{EEG,fMRI,RNA,Translation}"
"36171558","{Administrative,Claims,Data}",NULL,"{Administrative,Claims,Data}"
"36171645","{DNA,methylation}","{Imaging,genomics}","{DNA,genomics,Imaging,methylation}"
"36183620","{X-rays}","{radiographs}","{radiographs,X-rays}"
"36211581","{Electromechanical}","{electrical,mechanical}","{electrical,Electromechanical,mechanical}"
"36217108","{Blood,biomarkers}","{blood,biomarkers}","{biomarkers,blood,Blood}"
"36217916","{Electrophysiological,Signals}","{Electrophysiological,signals}","{Electrophysiological,signals,Signals}"
"36219586",NULL,"{X-ray,images,CT,scans}","{CT,images,scans,X-ray}"
"36229614","{Biological,and,Environmental,Engineering,Surgery,Polymer,Science,and,Engineering}",NULL,"{and,Biological,Engineering,Environmental,Polymer,Science,Surgery}"
"36233593","{Text,Nil}","{""""}","{"""",Nil,Text}"
"36236373","{NIRS,Respiratory}","{Near-Infrared,Spectroscopy}","{Near-Infrared,NIRS,Respiratory,Spectroscopy}"
"36245949",NULL,"{viral,RNA,kinetics}","{kinetics,RNA,viral}"
"36254822","{Endoscopic,Frames}","{endoscopic,recordings}","{endoscopic,Endoscopic,Frames,recordings}"
"36258306","{Clinical}","{text,numeric}","{Clinical,numeric,text}"
"36264067","{""""}","{Age,Sex,Surgical,resection,status,Tumor,histology,and,tumor,site}","{"""",Age,and,histology,resection,Sex,site,status,Surgical,tumor,Tumor}"
"36274041","{Cardiology,Imaging,Radiology}",NULL,"{Cardiology,Imaging,Radiology}"
"36280197",NULL,"{sleep,mental,health}","{health,mental,sleep}"
"36284402","{Coronary,Calcium,Scores}","{Image}","{Calcium,Coronary,Image,Scores}"
"36301485","{Electronic,Health,Records}","{text:,true,image:,""null""}","{Electronic,Health,image:,""null"",Records,text:,true}"
"36307551","{MRI}","{MRI}","{MRI}"
"36319708","{Blood,serum}","{NlmCategory,blood,serum}","{blood,Blood,NlmCategory,serum}"
"36320964","{Sociodemographic,profile,biological,developmental,and,environmental,risk,factors}","{speech,and,language,delay}","{and,biological,delay,developmental,environmental,factors,language,profile,risk,Sociodemographic,speech}"
"36326618","{T2-w,T2-FLAIR,T1-w,T1-Gd}","{T2-w,T2-FLAIR,T1-w,T1-Gd}","{T1-Gd,T1-w,T2-FLAIR,T2-w}"
"36332954","{Self-report,questionnaires,Semi-structured,qualitative,interviews}",NULL,"{interviews,qualitative,questionnaires,Self-report,Semi-structured}"
"36344655","{grey,and,white,matter,structure}","{grey,and,white,matter,structure}","{and,grey,matter,structure,white}"
"36351912","{Echocardiogram}","{Echocardiogram}","{Echocardiogram}"
"36366153","{Electromyography}","{Electromyography}","{Electromyography}"
"36367438","{Physical,activity,Sedentary,time}","{activity,sedentary,time}","{activity,Physical,sedentary,Sedentary,time}"
"36367528","{Video,Facial,movement}","{Video,Audio}","{Audio,Facial,movement,Video}"
"36368616","{Imaging}","{Plasma,proteins,Clinical,factors}","{Clinical,factors,Imaging,Plasma,proteins}"
"36371527","{Microscopy,Immunohistochemistry,Anatomy,Etiologies,Imaging}","{Microscopy,Immunohistochemistry,Anatomy}","{Anatomy,Etiologies,Imaging,Immunohistochemistry,Microscopy}"
"36378672",NULL,"{Tag:,USA,Country:,United,States,of,America,Tag:,CA,Country:,Canada}","{America,CA,Canada,Country:,of,States,Tag:,United,USA}"
"36382003","{N/A}",NULL,"{N/A}"
"36388142","{Computed,Tomography,(CT),Fluorodeoxyglucose,Positron,Emission,Tomography-Computed,Tomography,(FDG,PET-CT)}","{CT,FDG,PET-CT}","{Computed,(CT),CT,Emission,(FDG,FDG,Fluorodeoxyglucose,PET-CT,PET-CT),Positron,Tomography,Tomography-Computed}"
"36394258","{medical}","{Text,Image}","{Image,medical,Text}"
"36394938",NULL,"{text}","{text}"
"36396455","{Montreal,Neurological,Institute,McGill,University,Research,Center,for,Studies,in,Aging,University,of,Gothenburg,Departments,of,Psychiatry,and,Neurology,University,of,Pittsburgh,School,of,Medicine}",NULL,"{Aging,and,Center,Departments,for,Gothenburg,in,Institute,McGill,Medicine,Montreal,Neurological,Neurology,of,Pittsburgh,Psychiatry,Research,School,Studies,University}"
"36396865","{Magnetic,resonance,imaging,(MRI)}","{MRI}","{imaging,Magnetic,(MRI),MRI,resonance}"
"36399579","{epigenomic,transcriptomic,proteomic,metabolomic}","{Epigenomic,Transcriptomic,Proteomic,Metabolomic}","{epigenomic,Epigenomic,metabolomic,Metabolomic,proteomic,Proteomic,transcriptomic,Transcriptomic}"
"36400939","{Images}","{knee,osteoarthritis,cervical,cancer,screening}","{cancer,cervical,Images,knee,osteoarthritis,screening}"
"36414774",NULL,"{text,flags}","{flags,text}"
"36426683",NULL,NULL,"{}"
"36442460","{Imaging,Clinical}","{Clinical,variables,imaging,features}","{Clinical,features,imaging,Imaging,variables}"
"36469776",NULL,NULL,"{}"
"36470898",NULL,"{modality:,image,modality:,text}","{image,modality:,text}"
"36471160","{T1w-CE,MRI}","{MRI}","{MRI,T1w-CE}"
"36472344","{Whole,blood}","{gene,expression}","{blood,expression,gene,Whole}"
"36473647","{MRI,T1-weighted,MRI,T2-weighted,MRI}","{Image,Text}","{Image,MRI,T1-weighted,T2-weighted,Text}"
"36481929",NULL,NULL,"{}"
"36484420",NULL,"{""""}","{""""}"
"36484722","{Physical,Balance}","{""""}","{"""",Balance,Physical}"
"36502696","{Electroencephalography}","{EEG}","{EEG,Electroencephalography}"
"36509776","{RNA-Seq}","{RNA-Sequence}","{RNA-Seq,RNA-Sequence}"
"36516913","{Functional,Near-Infrared,Spectroscopy}","{neuroanatomical,areas}","{areas,Functional,Near-Infrared,neuroanatomical,Spectroscopy}"
"36524810","{Verbal}","{Language,use,Pain,relief}","{Language,Pain,relief,use,Verbal}"
"36525893","{EEG}","{EEG}","{EEG}"
"36530391","{Immune,biomarkers}","{blood,biomarkers}","{biomarkers,blood,Immune}"
"36544398","{Singleton,pregnancies,Cervical,status,Body,Mass,Index,Maternal,age,Comorbidities}","{Text}","{age,Body,Cervical,Comorbidities,Index,Mass,Maternal,pregnancies,Singleton,status,Text}"
"36553079","{DECT}","{DECT,Images}","{DECT,Images}"
"36569558","{Health}",NULL,"{Health}"
"36591527","{Image}","{multimodal}","{Image,multimodal}"
"36595510","{Vestibular}","{vestibular,sensor,data}","{data,sensor,vestibular,Vestibular}"
"36597699",NULL,"{survival,analysis}","{analysis,survival}"
"36603288","{Pathology}","{Pathology,Imaging}","{Imaging,Pathology}"
"36605114","{image}","{image}","{image}"
"36628172","{Signal,on,graph}","{graph,signals}","{graph,on,Signal,signals}"
"36632859","{Audio}","{audio}","{audio,Audio}"
"36635575","{Metabolomics,Microbiome}","{Metabolomics,Microbiome,sequencing}","{Metabolomics,Microbiome,sequencing}"
"36645143","{image}","{Image,Fractal,dimension}","{dimension,Fractal,image,Image}"
"36649481","{Clinical,Notes,Diagnosis,Codes,Procedure,Codes,Chart,Events}",NULL,"{Chart,Clinical,Codes,Diagnosis,Events,Notes,Procedure}"
"36652661","{Computed,Tomography,Stereotactic,Body,Radiotherapy}","{CT,Imaging}","{Body,Computed,CT,Imaging,Radiotherapy,Stereotactic,Tomography}"
"36681813","{Flow,cytometry}","{text:,""null""}","{cytometry,Flow,""null"",text:}"
"36691875","{Fluoroscopy}","{Fluoroscopy}","{Fluoroscopy}"
"36695623","{Harmonized,Individual}","{Machine,learning,Statistics}","{Harmonized,Individual,learning,Machine,Statistics}"
"36711754",NULL,"{Images,Text}","{Images,Text}"
"36709079","{Genotype,Phenotype}","{Text}","{Genotype,Phenotype,Text}"
"36712571","{Radiology}","{Imaging,Genomics}","{Genomics,Imaging,Radiology}"
"36716998","{Text}",NULL,"{Text}"
"36724157",NULL,"{Subjective,and,objective,social,deprivation}","{and,deprivation,objective,social,Subjective}"
"36732110","{audio}","{audio,text}","{audio,text}"
"36747065","{ECG}","{ECG}","{ECG}"
"36765908","{MRI,MR}","{Modality:,MRI,Modality:,T1-weighted,and,T2-FLAIR,images}","{and,images,Modality:,MR,MRI,T1-weighted,T2-FLAIR}"
"36772710","{Brightness,mode,(B-mode),ultrasound}","{ultrasound}","{(B-mode),Brightness,mode,ultrasound}"
"36788215","{Metagenomic,sequencing}","{metagenomics}","{Metagenomic,metagenomics,sequencing}"
"36812626","{Cardiovascular,Magnetic,Resonance,Late,Gadolinium,Enhancement}","{MRI,images}","{Cardiovascular,Enhancement,Gadolinium,images,Late,Magnetic,MRI,Resonance}"
"36812632","{Electronic,Health,Records}",NULL,"{Electronic,Health,Records}"
"36812648","{Physiological,Activity}","{Wristband}","{Activity,Physiological,Wristband}"
"36817429","{Genomic,Quantitative}","{genomics}","{Genomic,genomics,Quantitative}"
"36821110","{X-ray,MRI,CT,Scan}",NULL,"{CT,MRI,Scan,X-ray}"
"36867224",NULL,NULL,"{}"
"36873304","{Neck-Attached,Sensors,Machine,Learning}","{Audio}","{Audio,Learning,Machine,Neck-Attached,Sensors}"
"36893934","{medical}","{text,numeric}","{medical,numeric,text}"
"36894697","{Magnetic,Resonance,Imaging,(MRI),Computed,Tomography,(CT)}","{MRI,CT}","{Computed,(CT),CT,Imaging,Magnetic,(MRI),MRI,Resonance,Tomography}"
"36898486","{X-Ray}","{Image}","{Image,X-Ray}"
"36909463","{Digital,Images}","{images}","{Digital,images,Images}"
"36912861","{"""",""null""}","{text,numeric}","{"""",""null"",numeric,text}"
"36920391","{Text}","{modality:,text}","{modality:,text,Text}"
"36921979","{medical}",NULL,"{medical}"
"36944631","{Magnetic,resonance,imaging}","{Cardiovascular}","{Cardiovascular,imaging,Magnetic,resonance}"
"36946533","{Language}","{Speech}","{Language,Speech}"
"36958708","{Echocardiography}","{Echocardiography}","{Echocardiography}"
"36962760","{Metabolites,Ultrasound}","{Metabolite,data,Ultrasound,images}","{data,images,Metabolite,Metabolites,Ultrasound}"
"36993597","{Functional,MRI,Diffusion,tractography,Cortical,morphometry,Positron,emission,tomography}","{fMRI,diffusion,tractography,cortical,morphometry,PET}","{cortical,Cortical,diffusion,Diffusion,emission,fMRI,Functional,morphometry,MRI,PET,Positron,tomography,tractography}"
"36995714","{Wearable,device}","{wearable,device,participant,retention}","{device,participant,retention,wearable,Wearable}"
"37019866","{fecal,whole,gut,transit,time}","{Probiotic,intake,Whole,gut,transit,time}","{fecal,gut,intake,Probiotic,time,transit,whole,Whole}"
"37037147","{PET/CT}","{PET/CT}","{PET/CT}"
"37059267","{Image}","{Images}","{Image,Images}"
"37051847","{patient,and,injury,characteristics}","{text,statistics}","{and,characteristics,injury,patient,statistics,text}"
"37063449","{Plasma,metabolomics}","{amino,acids}","{acids,amino,metabolomics,Plasma}"
"37070145","{Clinical}","{text,numeric,data}","{Clinical,data,numeric,text}"
"37070854","{Computed,Tomography,Non-Contrast,Computed,Tomography}","{radiomics}","{Computed,Non-Contrast,radiomics,Tomography}"
"37128461","{Laboratory,tests}","{Modality:,Image,Modality:,Text}","{Image,Laboratory,Modality:,tests,Text}"
"37130342","{Clinical}","{Text,Structured,medical,data}","{Clinical,data,medical,Structured,Text}"
"37131691","{Digital,Pathology,Clinical}","{Image,Clinical}","{Clinical,Digital,Image,Pathology}"
"37132542","{Computed,Tomography}","{Type:,Affiliations}","{Affiliations,Computed,Tomography,Type:}"
"37147305","{RNA,sequencing}","{RNA,Imaging}","{Imaging,RNA,sequencing}"
"37148227","{Structural,MRI,Voxel-based,morphometry}","{MRI,cognitive,assessment}","{assessment,cognitive,morphometry,MRI,Structural,Voxel-based}"
"37158607","{time,series,data}","{category:,text,subcategory:,""null"",category:,bacterial_abundance_data,subcategory:,""null""}","{bacterial_abundance_data,category:,data,""null"",series,subcategory:,text,time}"
"37158946","{Salivary,flow,rates,Dose-volume,histograms}","{Head,and,neck,cancer}","{and,cancer,Dose-volume,flow,Head,histograms,neck,rates,Salivary}"
"37163297","{Video,Echocardiogram}","{Video,Images}","{Echocardiogram,Images,Video}"
"37170067","{Breath,Visual,stimuli}","{Neuroimaging}","{Breath,Neuroimaging,stimuli,Visual}"
"37173594","{Surgical}",NULL,"{Surgical}"
"37205528","{saliva,blood}","{saliva,serum,cytokines}","{blood,cytokines,saliva,serum}"
"37219403","{Arm,Hand}","{arm,hand}","{arm,Arm,hand,Hand}"
"37224994","{Voice}","{Voice,Text}","{Text,Voice}"
"37231096","{genetics,single-cell}","{Text,Image}","{genetics,Image,single-cell,Text}"
"37246053","{Chest,Computed,Tomography}","{CT,scans}","{Chest,Computed,CT,scans,Tomography}"
"37268414","{Pulmonary,emphysema}","{Imaging}","{emphysema,Imaging,Pulmonary}"
"37286559","{Ultrasound}","{ultrasound}","{ultrasound,Ultrasound}"
"37292770","{image,quantitative}","{Medical,Images,Medical,Text,Reports}","{image,Images,Medical,quantitative,Reports,Text}"
"37334615","{verbatim,responses}","{name:,Verbatim,responses}","{name:,responses,verbatim,Verbatim}"
"37339175","{Clinical,Cardiovascular,magnetic,resonance,imaging}","{Cardiovascular,Magnetic,Resonance,Imaging,Electronic,Health,Record}","{Cardiovascular,Clinical,Electronic,Health,imaging,Imaging,magnetic,Magnetic,Record,resonance,Resonance}"
"37343696","{Proteomic,Dynamics}",NULL,"{Dynamics,Proteomic}"
"37344804",NULL,"{Endotoxin,levels,Clinical,outcomes}","{Clinical,Endotoxin,levels,outcomes}"
"37350279","{Image}","{image}","{image,Image}"
"37377903",NULL,"{Image,Text}","{Image,Text}"
"37386246","{ECG}","{ECG}","{ECG}"
"37389890","{Medical,Surgical}",NULL,"{Medical,Surgical}"
"37397861","{Medical}","{Images,Clinical,Data}","{Clinical,Data,Images,Medical}"
"37400574","{Diffusion,Tensor,Imaging,T1-Weighted,Imaging}","{diffusion,tensor,imaging,T1-weighted,imaging}","{diffusion,Diffusion,imaging,Imaging,T1-weighted,T1-Weighted,tensor,Tensor}"
"37410009","{computed,tomographic,angiography}","{CT}","{angiography,computed,CT,tomographic}"
"37414359","{text}","{text}","{text}"
"37414927","{fMRI}","{fMRI,EEG}","{EEG,fMRI}"
"37419881","{Neural,Surface,EMG}","{EMG,vision}","{EMG,Neural,Surface,vision}"
"37442671","{Lateral,spine,images}","{Imaging}","{images,Imaging,Lateral,spine}"
"37488168",NULL,"{Immunoglobulin,genes}","{genes,Immunoglobulin}"
"37507581","{MRI,Quantum}","{Modality,Name:,CE-T1,Modality,Type:,MRI}","{CE-T1,Modality,MRI,Name:,Quantum,Type:}"
"37517600","{Magnetic,Resonance,Imaging,Radiation,Therapy}","{magnetic,resonance,imaging,radiation,oncology}","{imaging,Imaging,magnetic,Magnetic,oncology,radiation,Radiation,resonance,Resonance,Therapy}"
"37544983","{Mammographic}","{""""}","{"""",Mammographic}"
"37555156","{T1-weighted,T2-weighted,fluid-attenuated,inversion,recovery}","{MRI}","{fluid-attenuated,inversion,MRI,recovery,T1-weighted,T2-weighted}"
"37573646","{T1-weighted,R2*,FLAIR}","{T1-weighted,R2*,FLAIR}","{FLAIR,R2*,T1-weighted}"
"37574600","{intrasnal}","{Text,Image}","{Image,intrasnal,Text}"
"37580751","{arm,motor,function}","{Visual,data}","{arm,data,function,motor,Visual}"
"37582731","{Histologic,Imaging}","{Hematoxylin,and,eosin,(HE)-stained,normal,breast,biopsy,specimens}","{and,biopsy,breast,eosin,Hematoxylin,(HE)-stained,Histologic,Imaging,normal,specimens}"
"37595684","{Imaging}","{0:,""null"",1:,""null""}","{0:,1:,Imaging,""null""}"
"37612309","{Image,Photograph}","{Image}","{Image,Photograph}"
"37616228",NULL,"{Text,NlmCategory}","{NlmCategory,Text}"
"37711756","{Speech}","{speech}","{speech,Speech}"
"37730990",NULL,NULL,"{}"
"37745558","{Face}","{radiology,oncology}","{Face,oncology,radiology}"
"37761908","{Text,Clinical,data}","{text,no,multimodal}","{Clinical,data,multimodal,no,text,Text}"
"37774678",NULL,"{transcriptomics,epigenomics}","{epigenomics,transcriptomics}"
"37804197","{Preoperative,demographic/clinical,variables}","{Text}","{demographic/clinical,Preoperative,Text,variables}"
"37809738","{CT,angiography}","{CT,angiography}","{angiography,CT}"
"37812784","{Continuous,glucose,monitoring,Physical,activity,data}","{Continuous,glucose,monitoring,Physical,activity,data}","{activity,Continuous,data,glucose,monitoring,Physical}"
"37820417","{MR,images}","{images}","{images,MR}"
"37823606","{DXA}","{Image,Text}","{DXA,Image,Text}"
"37828064","{Neuroimaging}","{fMRI}","{fMRI,Neuroimaging}"
"37839909",NULL,"{Text,Multimedia}","{Multimedia,Text}"
"37847731","{video,face}","{Video,Image}","{face,Image,video,Video}"
"37856226","{intravenous,systemic,therapy,laboratory,tests}","{Patient-Reported,Symptoms,Laboratory,Values}","{intravenous,laboratory,Laboratory,Patient-Reported,Symptoms,systemic,tests,therapy,Values}"
"37856414",NULL,"{Text,Image}","{Image,Text}"
"37858907","{MRI,EEG,Behavioral}","{Questionnaire,Survey,Data}","{Behavioral,Data,EEG,MRI,Questionnaire,Survey}"
"37872467","{Echocardiographic}","{echocardiography}","{Echocardiographic,echocardiography}"
"37889992","{myocardial,perfusion,coronary,calcium}","{Modality:,Imaging}","{calcium,coronary,Imaging,Modality:,myocardial,perfusion}"
"37890487","{proteome,metabolome,cytokines}","{Cytokines,Proteome,Metabolome}","{cytokines,Cytokines,metabolome,Metabolome,proteome,Proteome}"
"37897548","{Clinical,Imaging,Neuropathology}","{Imaging,Neuropathology}","{Clinical,Imaging,Neuropathology}"
"37898711","{Ultrasound}","{ultrasound,echocardiogram}","{echocardiogram,ultrasound,Ultrasound}"
"37903504","{Pathologic,Response,Assessment}","{text,image}","{Assessment,image,Pathologic,Response,text}"
"37956346","{Image,Measurement}","{image,text}","{image,Image,Measurement,text}"
"37963517","{EEG}","{EEG}","{EEG}"
"37964440","{medical,claims,PAP,usage,data}",NULL,"{claims,data,medical,PAP,usage}"
"37972608","{Medical,records,Surveys}","{modality1:,text,data,modality2:,image,data}","{data,image,Medical,modality1:,modality2:,records,Surveys,text}"
"37979921","{Imaging,mass,cytometry}","{histopathology,immunofluorescence}","{cytometry,histopathology,Imaging,immunofluorescence,mass}"
"38014004","{MRI}","{T1-weighted,MRI}","{MRI,T1-weighted}"
"38014537",NULL,"{ECG:,true,Echo:,true}","{ECG:,Echo:,true}"
"38019168","{Demographic,Clinical}","{Modality:,demographics,Modality:,clinical,indicators}","{clinical,Clinical,Demographic,demographics,indicators,Modality:}"
"38021248",NULL,"{Video,teletherapy,Digital,messaging}","{Digital,messaging,teletherapy,Video}"
"38030063","{Nasal,epithelial,cells,Whole-transcriptome,sequencing}","{genomic,and,clinical}","{and,cells,clinical,epithelial,genomic,Nasal,sequencing,Whole-transcriptome}"
"38040769","{task,resting-state}","{neural,signatures,cognition,depression}","{cognition,depression,neural,resting-state,signatures,task}"
"38051671","{Electronic,Health,Record,Clinical,Data}","{Text,Image}","{Clinical,Data,Electronic,Health,Image,Record,Text}"
"38066031","{Clinical,Multimodal}","{Image,Text}","{Clinical,Image,Multimodal,Text}"
"38075554","{Electronic,Health,Records}","{Electronic,Health,Records}","{Electronic,Health,Records}"
"38103765","{ECG,Medical,imaging}","{Medical,Imaging,Clinical,Data}","{Clinical,Data,ECG,imaging,Imaging,Medical}"
"38108259","{Computed,Tomography,Angiography,Nuclear,Medicine}","{Image,Text}","{Angiography,Computed,Image,Medicine,Nuclear,Text,Tomography}"
"38114526","{Imaging,Pathology}","{Ultrasound,Texture,analysis}","{analysis,Imaging,Pathology,Texture,Ultrasound}"
"38123557","{Mass,Spectrometry}","{Modality1:,0.7,Modality2:,0.3}","{0.3,0.7,Mass,Modality1:,Modality2:,Spectrometry}"
"38149177","{Sleep-EVAL,system}","{Sleep,and,medical,data}","{and,data,medical,Sleep,Sleep-EVAL,system}"
"38161988","{Electronic,Medical,Records}","{text,numeric}","{Electronic,Medical,numeric,Records,text}"
"38185409","{Positron,Emission,Tomography,(PET),Rubidium-82}","{Myocardial,Blood,Flow,(MBF),Rubidium-82,PET}","{Blood,Emission,Flow,(MBF),Myocardial,(PET),PET,Positron,Rubidium-82,Tomography}"
"38193866","{Pathology,data}","{histological,tumour,type,lymphovascular,invasion,tumour,grade}","{data,grade,histological,invasion,lymphovascular,Pathology,tumour,type}"
"38195644","{CT}","{CT}","{CT}"
"38199138","{accelerometry}","{Acceleration,Gait,speed}","{Acceleration,accelerometry,Gait,speed}"
"38212349",NULL,"{Text,Image}","{Image,Text}"
"38212387","{Non-biological,and,non-genetic,information}","{non-genetic,non-biological}","{and,information,non-biological,Non-biological,non-genetic}"
"38226736","{Clinical}","{Text}","{Clinical,Text}"
"38234807","{Whole-Genome,Sequencing}",NULL,"{Sequencing,Whole-Genome}"
"38234857",NULL,"{Image,Text}","{Image,Text}"
"38245498","{Eye,Movement}","{Eye,Movement}","{Eye,Movement}"
"38260634","{Cardiac,CT,MRI}","{CT,MRI}","{Cardiac,CT,MRI}"
"38265444","{Pre-hospital,Emergency,department}","{Pre-hospital,data,Emergency,department,data}","{data,department,Emergency,Pre-hospital}"
"38266105","{Medical}","{""""}","{"""",Medical}"
"38273986","{Central,Nervous,System,Electronic,Health,Records}",NULL,"{Central,Electronic,Health,Nervous,Records,System}"
"38302323","{Digital,Path}","{Modality:,Audio,Modality:,Video}","{Audio,Digital,Modality:,Path,Video}"
"38316811","{Pre-operative,demographic/clinical,variables}","{demographic/clinical,variables}","{demographic/clinical,Pre-operative,variables}"
"38316895","{HM,head,circumference,demographic,health,dietary,and,home,environment,data}","{human,milk,(HM),data,maternal,and,infant,demographic,health,dietary,and,home,environment,data}","{and,circumference,data,demographic,dietary,environment,head,health,(HM),HM,home,human,infant,maternal,milk}"
"38320143","{Medical,Imaging,Genomics}","{Tags:,Computed,Tomography,Modality:,Images,Tags:,Modality:,Audio,Tags:,Modality:,Text}","{Audio,Computed,Genomics,Images,Imaging,Medical,Modality:,Tags:,Text,Tomography}"
"38321027","{CT}","{CT,scan,segmentations}","{CT,scan,segmentations}"
"38324597",NULL,"{X-Ray,MRI,CT,Scan,""null"",X-Ray,MRI,ECG,EEG,Speech,Text,Video,Audio,""null"",""null"",""null"",""null"",""null""}","{Audio,CT,ECG,EEG,MRI,""null"",Scan,Speech,Text,Video,X-Ray}"
"38326559",NULL,"{Imaging,Psychiatry}","{Imaging,Psychiatry}"
"38330168","{PSG,PG,MJM-based,technology}","{PSG/PG}","{MJM-based,PG,PSG,PSG/PG,technology}"
"38332374","{brain,structural,neuroimaging}",NULL,"{brain,neuroimaging,structural}"
"38340117","{PPG}","{photoplethysmography,electrocardiography}","{electrocardiography,photoplethysmography,PPG}"
"38343230","{CT,Imaging,Pathology-Supported,Diagnostic,Labels}","{Imaging,Pathology}","{CT,Diagnostic,Imaging,Labels,Pathology,Pathology-Supported}"
"38352035","{""""}","{text,image}","{"""",image,text}"
"38355486","{Medical,Codes}","{Text,""null""}","{Codes,Medical,""null"",Text}"
"38370787","{Electronic,Health,Records,Medical,Claims,Data}","{Modality:,Electronic,Health,Records,Modality:,Medical,Images,""null""}","{Claims,Data,Electronic,Health,Images,Medical,Modality:,""null"",Records}"
"38382816",NULL,"{""""}","{""""}"
"38387816","{Vascular,Quality,Initiative,database}","{type:,""null"",type:,text}","{database,Initiative,""null"",Quality,text,type:,Vascular}"
"38400281","{accelerometer}","{Accelerometer,""null""}","{accelerometer,Accelerometer,""null""}"
"38402362","{EHR,Lab,data}","{text,image}","{data,EHR,image,Lab,text}"
"38418018","{Imaging,Surgical}","{Acetabular,cup,Femoral,head,Femoral,stem}","{Acetabular,cup,Femoral,head,Imaging,stem,Surgical}"
"38423450","{Clinical}","{Text}","{Clinical,Text}"
"38424096","{X-rays,Medical,Imaging}","{X-rays}","{Imaging,Medical,X-rays}"
"38441539","{Multimodal}","{Modality:,Cognitive,phenotypes,Modality:,Familial,and,neighborhood,socioeconomic,status,(SES),Modality:,Supportive,environment}","{and,Cognitive,environment,Familial,Modality:,Multimodal,neighborhood,phenotypes,(SES),socioeconomic,status,Supportive}"
"38444851","{Immunology}","{text,image}","{image,Immunology,text}"
"38446766",NULL,NULL,"{}"
"38469689",NULL,"{Medical,Images,Clinical,Data}","{Clinical,Data,Images,Medical}"
"38456877","{Computed,Tomography,Single-photon,emission,computed,tomography}","{text:,survey,image:,CT,scan}","{computed,Computed,CT,emission,image:,scan,Single-photon,survey,text:,tomography,Tomography}"
"38467853","{MRI,Clinical}","{MRI,clinical,data}","{clinical,Clinical,data,MRI}"
"38480766","{Ultrasonography,Vowel,articulation}","{Ultrasound,Audio}","{articulation,Audio,Ultrasonography,Ultrasound,Vowel}"
"38531844","{Imaging,Genomics}","{""""}","{"""",Genomics,Imaging}"
"38505008","{CT,scans}","{CT,scans}","{CT,scans}"
"38505491",NULL,NULL,"{}"
"38532015","{Cell}","{Image,Text}","{Cell,Image,Text}"
"38538559","{Biopsy,Plasma}",NULL,"{Biopsy,Plasma}"
"38539074",NULL,"{Age,Health,Instability,Functional,and,Cognitive,Status}","{Age,and,Cognitive,Functional,Health,Instability,Status}"
"38544181","{Video,Audio}","{video,audio,physiological,data}","{audio,Audio,data,physiological,video,Video}"
"38547927","{Endoscopy,videos}","{Video,Text}","{Endoscopy,Text,Video,videos}"
"38552452","{Chest,X-Ray,images}","{X-Ray}","{Chest,images,X-Ray}"
"38557148","{Colorimetric,information,Imaging}","{Imaging,application,Colorimetric,information}","{application,Colorimetric,Imaging,information}"
"38563856","{Intracranial,metastases}","{modality:,image,modality:,text}","{image,Intracranial,metastases,modality:,text}"
"38573752","{text}","{text}","{text}"
"38585855","{Audio}","{sound}","{Audio,sound}"
"38598191","{CT,scans,Electronic,Health,Records}","{Multislice,abdominal,CT,scans}","{abdominal,CT,Electronic,Health,Multislice,Records,scans}"
"38604185","{Computed,tomography,Monte,Carlo,simulations}","{CT,scans}","{Carlo,Computed,CT,Monte,scans,simulations,tomography}"
"38604736","{MR}","{size:,count:,1,type:,count:,""null""}","{1,count:,MR,""null"",size:,type:}"
"38605059",NULL,"{X-ray}","{X-ray}"
"38607809",NULL,"{""""}","{""""}"
"38617584","{Saliva,Blood}","{microbiome,salivary,cytokines,systemic,cytokines}","{Blood,cytokines,microbiome,Saliva,salivary,systemic}"
"38626440","{Demographic,data,Clinical,data}","{Text}","{Clinical,data,Demographic,Text}"
"38630732",NULL,"{muscle,mass,measurement}","{mass,measurement,muscle}"
"38643691","{brain,magnetic,resonance,imaging}","{MRI}","{brain,imaging,magnetic,MRI,resonance}"
"38671083",NULL,NULL,"{}"
"38678144","{Ultrasound,Angiography}","{name:,MR,name:,CT}","{Angiography,CT,MR,name:,Ultrasound}"
"38679324","{brain,imaging}","{Text,Image}","{brain,Image,imaging,Text}"
"38699950","{Medical,images}","{Images}","{images,Images,Medical}"
"38724761","{Tree-based,Clinical}","{XgBoost}","{Clinical,Tree-based,XgBoost}"
"38772191","{CT}","{image,text}","{CT,image,text}"
"38774366","{breath-by-breath}","{breath-by-breath,data}","{breath-by-breath,data}"
"38790952","{Metabolic,Transcriptomic}","{None,of,the,above}","{above,Metabolic,None,of,the,Transcriptomic}"
"38777894","{""""}","{Surgical,Data}","{"""",Data,Surgical}"
"38784688","{MRI,Clinical}","{MRI,clinical_features}","{Clinical,clinical_features,MRI}"
"38786284","{Photoplethysmographic,Orthogonal,voltage,gradient}","{Photoplethysmographic,Orthogonal,Voltage,Gradient}","{gradient,Gradient,Orthogonal,Photoplethysmographic,voltage,Voltage}"
"38807993","{Text}","{text}","{text,Text}"
"38838843","{Text}","{""""}","{"""",Text}"
"38854972","{Text}","{happiness,depressive,symptoms}","{depressive,happiness,symptoms,Text}"
"38861067","{CT}","{CT,high-frequency,kernel}","{CT,high-frequency,kernel}"
"38866253","{symptoms}","{symptoms,ratings}","{ratings,symptoms}"
"38866367","{Fundus,images}","{Fundus,images}","{Fundus,images}"
"38886757","{single-cell,RNA-seq}","{single-cell,RNA-sequencing}","{RNA-seq,RNA-sequencing,single-cell}"
"38900978","{Hematoxylin,and,eosin-,stained,histopathology,images,Ki-67-stained,histopathology,images}","{Images,Ki-67-stained,histopathology,images}","{and,eosin-,Hematoxylin,histopathology,images,Images,Ki-67-stained,stained}"
"38902526","{Blood-based,biomarkers,Clinical,Biomarker,Data}","{blood,test,clinical,data}","{Biomarker,biomarkers,blood,Blood-based,clinical,Clinical,data,Data,test}"
"38930089",NULL,"{text}","{text}"
"38946948","{RNA}","{text:,""null"",image:,""null""}","{image:,""null"",RNA,text:}"
"38960508","{Cardiovascular}","{text}","{Cardiovascular,text}"
"39001410","{T2-weighted,diffusion-weighted,imaging/apparent,diffusion,coefficient,T1-weighted,contrast-enhanced}","{multi-parametric,MRI}","{coefficient,contrast-enhanced,diffusion,diffusion-weighted,imaging/apparent,MRI,multi-parametric,T1-weighted,T2-weighted}"
"39002043","{Text}","{Electronic,Health,Records}","{Electronic,Health,Records,Text}"
"39013848","{Magnetic,Resonance,Brain,Imaging}",NULL,"{Brain,Imaging,Magnetic,Resonance}"
"31981624",NULL,NULL,"{}"
"34694234","{Clinical}",NULL,"{Clinical}"
"31926806","{""null"",""null"",""null"",""null"",""null""}",NULL,"{""null""}"
"38783089","{cervical,extension,traction,(CET)}",NULL,"{cervical,(CET),extension,traction}"
"37829182","{Medical,Imaging,Electronic,Health,Records}",NULL,"{Electronic,Health,Imaging,Medical,Records}"
"36280681","{Ultrasound,Clinical}",NULL,"{Clinical,Ultrasound}"
"31919503",NULL,NULL,"{}"
