"pid","countries","x","modalities","modalities2"
"28968847","[""Canada"", ""Germany"", ""United States""]","[""MRI""], [""MRI""]","[""MRI""]","[""MRI""]"
"28981875","[""Canada"", ""Germany"", ""Turkey"", ""United States""]","[""Nil""], [""Text"", ""Audio""]","[""Nil""]","[""Text"", ""Audio""]"
"29272464","[""Canada"", ""Czechia"", ""Germany"", ""Turkey"", ""United States""]","[""Structural magnetic resonance imaging scans (MRI)""], [""MRI scans""]","[""Structural magnetic resonance imaging scans (MRI)""]","[""MRI scans""]"
"29454222","[""Canada"", ""Czechia"", ""Germany"", ""Turkey""]","[""Magnetic Resonance Imaging"", ""Lipids and body mass index""], [""structural MRI"", ""fasting lipids"", ""body mass index""]","[""Magnetic Resonance Imaging"", ""Lipids and body mass index""]","[""structural MRI"", ""fasting lipids"", ""body mass index""]"
"29539639","[""Australia"", ""Austria"", ""Canada"", ""Denmark"", ""France"", ""Germany"", ""Ireland"", ""Italy"", ""Luxembourg"", ""Netherlands"", ""Norway"", ""Russia"", ""Switzerland"", ""United Kingdom"", ""United States""]","[""DNA methylation""], [""text"", ""image"", ""audio""]","[""DNA methylation""]","[""text"", ""image"", ""audio""]"
"29636016","[""Canada"", ""Czechia"", ""Germany"", ""Turkey""]","[""Diffusion Tensor Imaging""], [""MRI""]","[""Diffusion Tensor Imaging""]","[""MRI""]"
"29753765","[""Austria"", ""Canada"", ""Germany"", ""Israel"", ""Italy"", ""Netherlands"", ""Portugal"", ""Saudi Arabia"", ""South Korea"", ""Switzerland"", ""United States""]","[""Imaging"", ""Cardiology""], [""CT"", ""MRI""]","[""Imaging"", ""Cardiology""]","[""CT"", ""MRI""]"
"29889330","[""Austria"", ""Canada"", ""France"", ""Germany"", ""Ireland"", ""United Kingdom"", ""United States""]",NULL,NULL,"[""fMRI"", ""EEG""]"
"30025851","[""Canada"", ""China"", ""Czechia"", ""Finland"", ""France"", ""Germany"", ""Italy"", ""Romania"", ""Spain"", ""United Kingdom""]",NULL,"[""Neuroscience""]",NULL
"30104567","[""Austria"", ""Canada"", ""China"", ""Czechia"", ""Denmark"", ""France"", ""Germany"", ""Greece"", ""Israel"", ""Italy"", ""Korea, Republic of"", ""Netherlands"", ""Norway"", ""Poland"", ""Romania"", ""Serbia"", ""Singapore"", ""Spain"", ""Sweden"", ""United Kingdom"", ""United States""]",NULL,NULL,"[""text"", ""image""]"
"30155789","[""Canada"", ""France"", ""Germany"", ""Netherlands"", ""Spain"", ""Switzerland"", ""United Kingdom""]","[""Imaging""], [""Imaging""]","[""Imaging""]","[""Imaging""]"
"30171211","[""Australia"", ""Brazil"", ""Canada"", ""Colombia"", ""France"", ""Germany"", ""Ireland"", ""Mexico"", ""Netherlands"", ""Norway"", ""South Africa"", ""Spain"", ""Sweden"", ""United Kingdom"", ""United States""]",NULL,"[""structural MRI""]",NULL
"30218110","[""Canada"", ""Germany""]","[""Magnetic Resonance Imaging""], [""MRI"", ""clinical data""]","[""Magnetic Resonance Imaging""]","[""MRI"", ""clinical data""]"
"30229903","[""Canada"", ""Germany"", ""Ireland"", ""Israel"", ""Italy"", ""Spain"", ""Sweden"", ""United Kingdom""]",NULL,NULL,"[]"
"30301895","[""Canada"", ""Germany"", ""Sweden"", ""United States""]",NULL,NULL,"[""Image""]"
"30587458","[""Canada"", ""Germany"", ""Netherlands"", ""Sweden"", ""United States""]","[""proteomics"", ""CT""], [""tomography"", ""angiography""]","[""proteomics"", ""CT""]","[""tomography"", ""angiography""]"
"30594138","[""Australia"", ""Canada"", ""Germany"", ""Greece"", ""Spain"", ""Switzerland""]",NULL,"[""Text"", ""Numerical""]",NULL
"30724079","[""Canada"", ""Germany""]","[""Raman spectroscopy""], [""Raman Spectroscopy""]","[""Raman spectroscopy""]","[""Raman Spectroscopy""]"
"30847388","[""Canada"", ""Germany"", ""Turkey""]","[""Neuronal recordings""], [""neuronal"", ""machine learning""]","[""Neuronal recordings""]","[""neuronal"", ""machine learning""]"
"31009356","[""Canada"", ""Germany"", ""Switzerland""]",NULL,"[""Neuroradiology"", ""Radiology"", ""Neurology""]",NULL
"31173905","[""Canada"", ""France"", ""Germany"", ""Ireland"", ""United Kingdom"", ""United States""]","[""MRI""], [{""modality"": ""MRI""}]","[""MRI""]","[{""modality"": ""MRI""}]"
"31216543","[""Canada"", ""Germany"", ""United Kingdom""]","[""Computed Tomography""], [""Computed Tomography Angiography""]","[""Computed Tomography""]","[""Computed Tomography Angiography""]"
"31417602","[""Argentina"", ""Australia"", ""Belgium"", ""Canada"", ""Czechia"", ""France"", ""Germany"", ""Italy"", ""Netherlands"", ""Saudi Arabia"", ""South Africa"", ""Turkey"", ""United Kingdom"", ""United States""]","[], [""Imaging"", ""Genomics""]","[]","[""Imaging"", ""Genomics""]"
"31479590","[""Australia"", ""Canada"", ""Germany"", ""United Kingdom"", ""United States""]","[""Text""], [""text""]","[""Text""]","[""text""]"
"31510700","[""Canada"", ""Germany""]","[""Somatic mutation"", ""Copy number aberration"", ""Gene expression""], [""Gene expression"", ""Somatic mutation"", ""Copy number aberration""]","[""Somatic mutation"", ""Copy number aberration"", ""Gene expression""]","[""Gene expression"", ""Somatic mutation"", ""Copy number aberration""]"
"31513271","[""Canada"", ""Germany"", ""Italy"", ""Switzerland"", ""United States""]","[""Imaging""], []","[""Imaging""]","[]"
"31519923","[""Canada"", ""Germany""]","[""MRI""], MRI","[""MRI""]","MRI"
"31542646","[""Canada"", ""Germany"", ""United States""]","[""MRI""], [""Image Data""]","[""MRI""]","[""Image Data""]"
"31546048","[""Canada"", ""Germany"", ""United States""]","[""MRI""], [""T1-weighted MRIs""]","[""MRI""]","[""T1-weighted MRIs""]"
"31667829","[""Canada"", ""Czechia"", ""Germany"", ""Italy"", ""Poland"", ""United States""]","[""Clinical""], [{""text"": true}, {""image"": null}]","[""Clinical""]","[{""text"": true}, {""image"": null}]"
"31732979","[""Canada"", ""Germany""]",NULL,NULL,"[""genetic markers"", ""plasma concentrations""]"
"31821482","[""Canada"", ""France"", ""Germany"", ""Japan"", ""Netherlands"", ""Turkey"", ""Ukraine"", ""United Kingdom"", ""United States""]","[""Serial PT-INR values""], [""prothrombin time international normalized ratio measurements""]","[""Serial PT-INR values""]","[""prothrombin time international normalized ratio measurements""]"
"31978179","[""Canada"", ""Germany""]","[""MRI"", ""Diffusion and Perfusion""], [""MRI"", ""Diffusion and Perfusion""]","[""MRI"", ""Diffusion and Perfusion""]","[""MRI"", ""Diffusion and Perfusion""]"
"31999324","[""Canada"", ""France"", ""Germany"", ""United States""]","[""Functional MRI"", ""Behavioral questionnaire""], [""Functional brain measurements""]","[""Functional MRI"", ""Behavioral questionnaire""]","[""Functional brain measurements""]"
"32025015","[""Canada"", ""Denmark"", ""Estonia"", ""Germany"", ""Japan"", ""Poland"", ""Spain"", ""Sweden"", ""Switzerland"", ""United Kingdom"", ""United States""]",NULL,NULL,"[]"
"32161279","[""Canada"", ""Germany"", ""Italy"", ""Netherlands"", ""Switzerland""]","[], [{""modality"": ""Image""}, {""modality"": ""Text""}]","[]","[{""modality"": ""Image""}, {""modality"": ""Text""}]"
"32178532","[""Austria"", ""Canada"", ""Germany"", ""Italy"", ""Russia"", ""Turkey"", ""United States""]","[""Clinical"", ""Administrative""], Clinical","[""Clinical"", ""Administrative""]","Clinical"
"32187319","[""Australia"", ""Belgium"", ""Brazil"", ""Canada"", ""Germany"", ""Israel"", ""Portugal"", ""United Kingdom"", ""United States""]",NULL,NULL,"[""Text""]"
"32287265","[""Canada"", ""Germany"", ""United Kingdom"", ""United States""]","[""mRNA"", ""microarray""], [""blood"", ""muscle""]","[""mRNA"", ""microarray""]","[""blood"", ""muscle""]"
"32399621","[""Canada"", ""Germany"", ""United States""]","[""PET/CT""], [""PET/CT""]","[""PET/CT""]","[""PET/CT""]"
"32433583","[""Canada"", ""Germany""]","[""3T"", ""FLAIR""], [""Image"", ""Survey""]","[""3T"", ""FLAIR""]","[""Image"", ""Survey""]"
"32467650","[""Belgium"", ""Canada"", ""France"", ""Germany"", ""Honduras"", ""Kuwait"", ""Nigeria"", ""Pakistan"", ""Spain"", ""Turkey"", ""United Kingdom"", ""United States""]","[""France""], [""Pathology""]","[""France""]","[""Pathology""]"
"32463180","[""Australia"", ""Austria"", ""Belgium"", ""Canada"", ""France"", ""Georgia"", ""Germany"", ""Spain"", ""United Kingdom"", ""United States""]","[null], [""Text"", ""Image""]","[null]","[""Text"", ""Image""]"
"32563597","[""Brazil"", ""Canada"", ""Germany"", ""Italy"", ""Netherlands"", ""Sweden"", ""United States""]",NULL,NULL,"[""text""]"
"32571444","[""Canada"", ""Germany"", ""Greece"", ""Hungary"", ""Netherlands"", ""Spain"", ""Switzerland"", ""United Kingdom""]",NULL,NULL,"{""image"": [""Centre for Human Brain Health, School of Psychology""], ""video"": null}"
"32580207","[""Canada"", ""Germany""]","[""Imaging""], [""image""]","[""Imaging""]","[""image""]"
"32601678","[""Canada"", ""Germany"", ""Switzerland"", ""United Kingdom""]","[""upper limb motor recovery""], [""Upper limb motor recovery""]","[""upper limb motor recovery""]","[""Upper limb motor recovery""]"
"32635216","[""Canada"", ""Germany"", ""United States""]","[""PET/CT""], [""PET"", ""CT""]","[""PET/CT""]","[""PET"", ""CT""]"
"32710834","[""Canada"", ""Germany"", ""Korea, Republic of"", ""Poland"", ""United States""]",NULL,NULL,"[{""ForeName"": ""Jaewoo"", ""Initials"": ""J"", ""LastName"": ""Kang""}, {""ForeName"": ""Yuanfang"", ""Initials"": ""Y"", ""LastName"": ""Guan""}]"
"32719123","[""Canada"", ""Germany"", ""Israel"", ""Italy"", ""Netherlands"", ""New Zealand"", ""Puerto Rico"", ""Switzerland"", ""Turkey"", ""United Kingdom"", ""United States""]",NULL,NULL,NULL
"32732917","[""Canada"", ""Germany"", ""United Kingdom"", ""United States""]","[""transcriptome"", ""brain imaging""], [""Image"", ""Text""]","[""transcriptome"", ""brain imaging""]","[""Image"", ""Text""]"
"32732967","[""Canada"", ""France"", ""Germany""]","[""Questionnaire"", ""Observation Schedule""], [""social"", ""communication""]","[""Questionnaire"", ""Observation Schedule""]","[""social"", ""communication""]"
"32758450","[""Australia"", ""Austria"", ""Canada"", ""Czechia"", ""France"", ""Germany"", ""Netherlands"", ""New Zealand"", ""Spain"", ""Sweden"", ""United Kingdom"", ""United States""]",NULL,NULL,NULL
"32767763","[""Canada"", ""Germany"", ""Netherlands"", ""Switzerland"", ""United Kingdom"", ""United States""]","[""Imaging"", ""Electroencephalography"", ""Pathology"", ""Digital technologies""], [{""modality_name"": ""EEG"", ""used_in_paper"": true}, {""modality_name"": ""MRI"", ""used_in_paper"": true}]","[""Imaging"", ""Electroencephalography"", ""Pathology"", ""Digital technologies""]","[{""modality_name"": ""EEG"", ""used_in_paper"": true}, {""modality_name"": ""MRI"", ""used_in_paper"": true}]"
"32843633","[""Canada"", ""France"", ""Germany"", ""Singapore"", ""United Kingdom"", ""United States""]","[""Images"", ""Brain scans""], [""images"", ""text""]","[""Images"", ""Brain scans""]","[""images"", ""text""]"
"32927257","[""Canada"", ""Croatia"", ""Cyprus"", ""Germany"", ""Greece"", ""India"", ""Italy"", ""Spain"", ""United States""]","[""3-D""], [""Computed Tomography"", ""Magnetic Resonance Imaging""]","[""3-D""]","[""Computed Tomography"", ""Magnetic Resonance Imaging""]"
"32992069","[""Argentina"", ""Canada"", ""Chile"", ""Colombia"", ""Czechia"", ""Germany"", ""United States""]","[""speech""], [""Language"", ""Spontaneous monologues""]","[""speech""]","[""Language"", ""Spontaneous monologues""]"
"33033241","[""Australia"", ""Brazil"", ""Canada"", ""China"", ""Germany"", ""India"", ""Italy"", ""Japan"", ""Korea, Republic of"", ""Netherlands"", ""Norway"", ""Portugal"", ""South Africa"", ""Spain"", ""Sweden"", ""Switzerland"", ""United Kingdom"", ""United States""]","[""Structural neuroimaging""], [{""count"": 2, ""modality"": ""image""}, {""count"": 3, ""modality"": ""text""}]","[""Structural neuroimaging""]","[{""count"": 2, ""modality"": ""image""}, {""count"": 3, ""modality"": ""text""}]"
"33064342","[""Australia"", ""Canada"", ""Germany"", ""Netherlands"", ""South Africa"", ""United Kingdom"", ""United States""]",NULL,NULL,NULL
"33075658","[""Canada"", ""Germany"", ""United States""]","[""PET"", ""CT""], [""PET"", ""CT""]","[""PET"", ""CT""]","[""PET"", ""CT""]"
"33167779","[""Canada"", ""Germany"", ""Turkey"", ""United Kingdom"", ""United States""]","[""Electrocardiogram"", ""Cardiovascular""], [""electrocardiogram""]","[""Electrocardiogram"", ""Cardiovascular""]","[""electrocardiogram""]"
"33207776","[""Canada"", ""Germany"", ""Iran"", ""Spain""]","[""Questionnaires""], [""Text""]","[""Questionnaires""]","[""Text""]"
"33289695","[""Canada"", ""Germany""]","[], {""Text"": true}","[]","{""Text"": true}"
"33420416","[""Australia"", ""Belgium"", ""Bulgaria"", ""Canada"", ""Croatia"", ""Denmark"", ""Finland"", ""France"", ""Germany"", ""Netherlands"", ""Norway"", ""Poland"", ""Portugal"", ""Spain"", ""Sweden"", ""United Kingdom"", ""United States""]",NULL,NULL,"[{""modality"": ""Images""}, {""modality"": ""Text""}]"
"33441847","[""Canada"", ""France"", ""Germany"", ""Italy"", ""Japan"", ""Romania"", ""Spain"", ""Sweden"", ""Switzerland"", ""Taiwan"", ""United States""]",NULL,NULL,"{""Text"": true, ""Audio"": false, ""Image"": false}"
"33472890","[""Austria"", ""Canada"", ""Denmark"", ""France"", ""Germany"", ""Israel"", ""Netherlands"", ""Norway"", ""Spain"", ""United Kingdom"", ""United States""]",NULL,NULL,"{""Text"": null, ""Audio"": null, ""Image"": null}"
"33480187","[""Canada"", ""Germany"", ""United States""]","[""Neuroimaging""], [{""Voxels in the brain."": [""MRI"", ""Imaging""]}]","[""Neuroimaging""]","[{""Voxels in the brain."": [""MRI"", ""Imaging""]}]"
"33617523","[""Canada"", ""Germany""]","[""Three-Dimensional (3D) image data""], [""image""]","[""Three-Dimensional (3D) image data""]","[""image""]"
"33634751","[""Argentina"", ""Australia"", ""Austria"", ""Bangladesh"", ""Belgium"", ""Brazil"", ""Bulgaria"", ""Canada"", ""Chile"", ""China"", ""Croatia"", ""Cyprus"", ""Czechia"", ""Denmark"", ""Egypt"", ""Estonia"", ""Finland"", ""France"", ""Georgia"", ""Germany"", ""Greece"", ""Hong Kong"", ""Hungary"", ""Iceland"", ""India"", ""Indonesia"", ""Iran"", ""Iraq"", ""Ireland"", ""Israel"", ""Italy"", ""Jamaica"", ""Japan"", ""Jersey"", ""Korea, Republic of"", ""Luxembourg"", ""Macao"", ""Malaysia"", ""Malta"", ""Mexico"", ""Netherlands"", ""New Zealand"", ""Norway"", ""Palestinian Territory"", ""Poland"", ""Portugal"", ""Romania"", ""Russia"", ""Serbia"", ""Singapore"", ""Slovakia"", ""Slovenia"", ""South Africa"", ""South Korea"", ""Spain"", ""Sweden"", ""Switzerland"", ""Taiwan"", ""Thailand"", ""Tunisia"", ""Turkey"", ""United Arab Emirates"", ""United Kingdom"", ""United States"", ""Uruguay"", ""Venezuela""]",NULL,NULL,"[{""count"": 2, ""value"": ""Image""}, {""count"": 1, ""value"": ""Text""}, {""count"": 0, ""value"": ""Audio""}, {""count"": 0, ""value"": ""Video""}]"
"33650265","[""Austria"", ""Canada"", ""France"", ""Germany"", ""Iran"", ""Italy"", ""Japan"", ""Jordan"", ""Netherlands"", ""Russia"", ""Saudi Arabia"", ""Switzerland"", ""United States""]","[""Urology"", ""Reproducive Health""], Imaging","[""Urology"", ""Reproducive Health""]","Imaging"
"33726819","[""Australia"", ""Belgium"", ""Brazil"", ""Canada"", ""Chile"", ""China"", ""France"", ""Germany"", ""India"", ""Israel"", ""Italy"", ""Netherlands"", ""Saudi Arabia"", ""Singapore"", ""South Africa"", ""Spain"", ""Switzerland"", ""Thailand"", ""United Arab Emirates"", ""United Kingdom"", ""United States""]",NULL,NULL,"[""Text"", ""Image""]"
"33753312","[""Australia"", ""Canada"", ""China"", ""Finland"", ""France"", ""Germany"", ""United Kingdom"", ""United States""]",NULL,NULL,"[]"
"33760390","[""Canada"", ""Germany""]","[""Gait data"", ""In vivo knee loads""], [""biomechanical data"", ""magnetic resonance imaging""]","[""Gait data"", ""In vivo knee loads""]","[""biomechanical data"", ""magnetic resonance imaging""]"
"33770525","[""Canada"", ""France"", ""Germany"", ""Ireland"", ""United Kingdom"", ""United States""]","[""Neuroimaging""], [null, null, null, null, null, null, null, null, null, null, null, null]","[""Neuroimaging""]","[null, null, null, null, null, null, null, null, null, null, null, null]"
"33811557","[""Canada"", ""Germany""]",NULL,"[""ECG"", ""Blood pressure""]",NULL
"33850128","[""Canada"", ""Germany"", ""Italy"", ""Singapore"", ""South Korea"", ""United Kingdom"", ""United States""]","[""Neuroimaging"", ""Phenotypic data""], [""Neuroimaging"", ""Transcriptomics""]","[""Neuroimaging"", ""Phenotypic data""]","[""Neuroimaging"", ""Transcriptomics""]"
"33870190","[""Canada"", ""Germany""]","[""motor items""], [""brain imaging""]","[""motor items""]","[""brain imaging""]"
"33895632","[""Canada"", ""France"", ""Germany"", ""Italy"", ""Netherlands"", ""Portugal"", ""Spain"", ""Sweden"", ""United Kingdom""]",NULL,NULL,"[{""Tag"": null, ""Country"": ""Portugal""}, {""Tag"": null, ""Country"": ""United Kingdom""}, {""Tag"": null, ""Country"": ""Canada""}, {""Tag"": null, ""Country"": ""Germany""}]"
"33909990","[""Canada"", ""Denmark"", ""Estonia"", ""Germany"", ""Italy"", ""Netherlands"", ""Norway"", ""Spain"", ""United Kingdom"", ""United States""]",NULL,NULL,NULL
"33962603","[""Argentina"", ""Australia"", ""Austria"", ""Brazil"", ""Canada"", ""China"", ""Colombia"", ""Ecuador"", ""France"", ""Germany"", ""Greece"", ""India"", ""Italy"", ""Mexico"", ""Morocco"", ""Spain"", ""Thailand"", ""Tunisia"", ""Turkey"", ""United States"", ""Uruguay""]","[""Affiliation""], [{""tags"": null, ""Country"": ""Australia""}, {""tags"": null, ""Country"": ""Germany""}, {""tags"": null, ""Country"": ""India""}, {""tags"": null, ""Country"": ""Turkey""}, {""tags"": null, ""Country"": ""South Korea""}, {""tags"": null, ""Country"": ""Tunisia""}, {""tags"": null, ""Country"": ""Ecuador""}, {""tags"": null, ""Country"": ""Greece""}, {""tags"": null, ""Country"": ""Morocco""}, {""tags"": null, ""Country"": ""Thailand""}, {""tags"": null, ""Country"": ""USA""}, {""tags"": null, ""Country"": ""Austria""}, {""tags"": null, ""Country"": ""Spain""}]","[""Affiliation""]","[{""tags"": null, ""Country"": ""Australia""}, {""tags"": null, ""Country"": ""Germany""}, {""tags"": null, ""Country"": ""India""}, {""tags"": null, ""Country"": ""Turkey""}, {""tags"": null, ""Country"": ""South Korea""}, {""tags"": null, ""Country"": ""Tunisia""}, {""tags"": null, ""Country"": ""Ecuador""}, {""tags"": null, ""Country"": ""Greece""}, {""tags"": null, ""Country"": ""Morocco""}, {""tags"": null, ""Country"": ""Thailand""}, {""tags"": null, ""Country"": ""USA""}, {""tags"": null, ""Country"": ""Austria""}, {""tags"": null, ""Country"": ""Spain""}]"
"33963192","[""Austria"", ""Canada"", ""China"", ""Egypt"", ""France"", ""Germany"", ""Korea, Republic of"", ""Norway"", ""Spain"", ""United Kingdom"", ""United States""]",NULL,NULL,NULL
"33976261","[""Canada"", ""France"", ""Germany""]","[""MRI""], [""structural and functional MRI""]","[""MRI""]","[""structural and functional MRI""]"
"33991581","[""Austria"", ""Belgium"", ""Canada"", ""France"", ""Germany"", ""Italy"", ""Netherlands"", ""Spain"", ""Switzerland"", ""United Kingdom"", ""United States""]",NULL,NULL,"[]"
"34048901","[""Austria"", ""Brazil"", ""Canada"", ""China"", ""Germany"", ""Israel"", ""Japan"", ""Korea, Republic of"", ""Netherlands"", ""Norway"", ""Sweden"", ""Switzerland"", ""United Kingdom"", ""United States""]",NULL,NULL,"[""EEG"", ""fMRI""]"
"34078897","[""Australia"", ""Belgium"", ""Brazil"", ""Canada"", ""Finland"", ""France"", ""Germany"", ""Sweden"", ""United Kingdom"", ""United States""]","[""Imaging"", null], [""Radiology"", ""Neurology""]","[""Imaging"", null]","[""Radiology"", ""Neurology""]"
"34214980","[""Brazil"", ""Canada"", ""China"", ""Germany"", ""Hong Kong"", ""Japan"", ""Netherlands"", ""United Kingdom"", ""United States""]",NULL,"[null]",NULL
"34229308","[""Canada"", ""Germany""]","[""EEG""], [""sensorimotor rhythms (SMRs)"", ""heart rate variability""]","[""EEG""]","[""sensorimotor rhythms (SMRs)"", ""heart rate variability""]"
"34255727","[""Austria"", ""Canada"", ""Germany""]","[""Mobile App"", ""Remote Assessment""], [""text""]","[""Mobile App"", ""Remote Assessment""]","[""text""]"
"34255973","[""Austria"", ""Canada"", ""Germany"", ""Netherlands"", ""Sweden"", ""United Kingdom""]",NULL,NULL,"[""text"", ""image""]"
"34285187","[""Canada"", ""Germany"", ""Netherlands"", ""Switzerland"", ""United Kingdom"", ""United States""]","[null, null], [""Text"", ""Image""]","[null, null]","[""Text"", ""Image""]"
"34322947","[""Canada"", ""Georgia"", ""Germany"", ""Israel"", ""United Kingdom"", ""United States""]",NULL,NULL,NULL
"34339947","[""Australia"", ""Brazil"", ""Canada"", ""China"", ""Finland"", ""Germany"", ""Iran"", ""Ireland"", ""Italy"", ""Mexico"", ""Spain"", ""United Kingdom"", ""United States""]","[""Temporalology"", ""Genetics""], [""MRI"", ""EEG""]","[""Temporalology"", ""Genetics""]","[""MRI"", ""EEG""]"
"34353531","[""Belgium"", ""Canada"", ""Germany"", ""Singapore"", ""South Korea"", ""United Kingdom"", ""United States""]","[""MRI"", null], [""Cardiology""]","[""MRI"", null]","[""Cardiology""]"
"34441340","[""Canada"", ""Croatia"", ""Cyprus"", ""Germany"", ""Greece"", ""Hungary"", ""India"", ""Italy"", ""United Kingdom"", ""United States""]",NULL,NULL,"{""A"": [""India""], ""M"": [""USA""], ""S"": [""USA""], ""V"": [""USA""], ""Z"": [""Hungary""], ""GD"": [""UK""], ""JS"": [""USA""], ""SK"": [""USA""]}"
"34463636","[""Canada"", ""Germany""]","[""Binary""], [""Infection""]","[""Binary""]","[""Infection""]"
"34463809","[""Canada"", ""Germany"", ""Sweden"", ""United States""]","[""PET/CT"", ""Low-Dose CT""], [""Imaging"", ""Clinical data""]","[""PET/CT"", ""Low-Dose CT""]","[""Imaging"", ""Clinical data""]"
"34508027","[""Canada"", ""Czechia"", ""Germany"", ""Netherlands"", ""Switzerland"", ""Turkey"", ""United States""]",NULL,NULL,"{""text"": null, ""image"": null, ""video"": null}"
"34526639","[""Canada"", ""Germany"", ""United Kingdom""]","[""Compression ultrasound"", ""Ultrasound videos""], [""ultrasound"", ""video""]","[""Compression ultrasound"", ""Ultrasound videos""]","[""ultrasound"", ""video""]"
"34526654","[""Canada"", ""Germany""]","[""Functional Magnetic Resonance Imaging (fMRI)""], [""fMRI"", ""structural MRI""]","[""Functional Magnetic Resonance Imaging (fMRI)""]","[""fMRI"", ""structural MRI""]"
"34561528","[""Canada"", ""Germany"", ""Switzerland""]","[""Chest Radiographs"", ""Brain Computed Tomography (CT) Scans""], [""Image"", ""Computed Tomography (CT)""]","[""Chest Radiographs"", ""Brain Computed Tomography (CT) Scans""]","[""Image"", ""Computed Tomography (CT)""]"
"34606915","[""Canada"", ""Germany"", ""Greece"", ""Italy"", ""Korea, Republic of"", ""Spain"", ""Turkey""]",NULL,NULL,"[]"
"34620391","[""Canada"", ""Germany"", ""South Africa""]","[""Echocardiographic"", ""Hemodynamic""], [""echocardiography"", ""hemodynamics""]","[""Echocardiographic"", ""Hemodynamic""]","[""echocardiography"", ""hemodynamics""]"
"34635910","[""Belgium"", ""Bulgaria"", ""Canada"", ""Cyprus"", ""Denmark"", ""France"", ""Germany"", ""Greece"", ""Hungary"", ""Ireland"", ""Israel"", ""Italy"", ""Malta"", ""Poland"", ""Portugal"", ""Spain"", ""Sweden"", ""Switzerland"", ""United Arab Emirates"", ""United Kingdom"", ""United States""]",NULL,NULL,"[""Gastroenterology"", ""Surgery""]"
"34680474","[""Canada"", ""Germany""]","[""MRI"", ""Clinical Variables""], [""MRI""]","[""MRI"", ""Clinical Variables""]","[""MRI""]"
"34791422","[""Australia"", ""Canada"", ""France"", ""Germany"", ""United Kingdom"", ""United States""]","[""electronic monitoring"", ""electronic health records"", ""smartphones"", ""wearables""], [""Electronic Monitoring"", ""Electronic Health Records"", ""Smartphones""]","[""electronic monitoring"", ""electronic health records"", ""smartphones"", ""wearables""]","[""Electronic Monitoring"", ""Electronic Health Records"", ""Smartphones""]"
"34823246","[""Canada"", ""Germany"", ""Israel"", ""Netherlands"", ""Turkey""]","[""Clinical""], [""Medical Images"", ""ECG""]","[""Clinical""]","[""Medical Images"", ""ECG""]"
"34850171","[""Canada"", ""Germany"", ""Turkey"", ""United Kingdom"", ""United States""]","[""Diagnostic Imaging""], [""MRI"", ""CT""]","[""Diagnostic Imaging""]","[""MRI"", ""CT""]"
"34862541","[""Canada"", ""Germany"", ""Slovenia"", ""Switzerland""]","[""Neuroimaging""], [""MRI"", ""CT""]","[""Neuroimaging""]","[""MRI"", ""CT""]"
"34867950","[""Canada"", ""Germany""]","[""SOMAscan platform""], [""Proteomics""]","[""SOMAscan platform""]","[""Proteomics""]"
"34889978","[""Belgium"", ""Canada"", ""France"", ""Germany"", ""Italy"", ""Sweden"", ""United Kingdom""]","[""Medical""], [{""ForeName"": ""Simone"", ""Initials"": ""S"", ""LastName"": ""Furini""}]","[""Medical""]","[{""ForeName"": ""Simone"", ""Initials"": ""S"", ""LastName"": ""Furini""}]"
"34921162","[""Argentina"", ""Canada"", ""Germany"", ""United States""]","[""Electrocardiogram""], [""Maternal abdominal electrocardiograms"", ""Fetal ECG""]","[""Electrocardiogram""]","[""Maternal abdominal electrocardiograms"", ""Fetal ECG""]"
"34921746","[""Canada"", ""Germany""]","[""Functional MRI"", ""Neurofeedback""], [""fMRI"", ""EEG""]","[""Functional MRI"", ""Neurofeedback""]","[""fMRI"", ""EEG""]"
"34937750","[""Canada"", ""France"", ""Germany"", ""Switzerland"", ""United States""]","[""upper limb Fugl-Meyer (FM) scores""], [""upper limb Fugl-Meyer (FM) scores""]","[""upper limb Fugl-Meyer (FM) scores""]","[""upper limb Fugl-Meyer (FM) scores""]"
"34949699","[""Canada"", ""Germany""]","[""CT""], [""computed tomography""]","[""CT""]","[""computed tomography""]"
"34957914","[""Canada"", ""Germany""]","[""Medical Imaging"", ""Clinical Outcomes""], [""Text""]","[""Medical Imaging"", ""Clinical Outcomes""]","[""Text""]"
"34967848","[""Australia"", ""Azerbaijan"", ""Bangladesh"", ""Benin"", ""Botswana"", ""Brazil"", ""Brunei"", ""Bulgaria"", ""Canada"", ""Chile"", ""China"", ""Colombia"", ""Croatia"", ""Denmark"", ""Egypt"", ""Estonia"", ""Ethiopia"", ""Faroe Islands"", ""Finland"", ""France"", ""Gambia"", ""Georgia"", ""Germany"", ""Ghana"", ""Greece"", ""Guatemala"", ""Guyana"", ""Hong Kong"", ""Hungary"", ""India"", ""Indonesia"", ""Iran"", ""Iraq"", ""Italy"", ""Japan"", ""Jordan"", ""Kazakhstan"", ""Kenya"", ""Kuwait"", ""Libya"", ""Malaysia"", ""Mexico"", ""Micronesia"", ""Mongolia"", ""Morocco"", ""Nepal"", ""Netherlands"", ""New Zealand"", ""Nigeria"", ""Norway"", ""Oman"", ""Pakistan"", ""Panama"", ""Peru"", ""Philippines"", ""Poland"", ""Portugal"", ""Qatar"", ""Romania"", ""Russia"", ""Saudi Arabia"", ""Serbia"", ""South Africa"", ""South Korea"", ""Spain"", ""Sri Lanka"", ""Sweden"", ""Switzerland"", ""Taiwan"", ""Thailand"", ""Tunisia"", ""Turkey"", ""Uganda"", ""Ukraine"", ""United Arab Emirates"", ""United Kingdom"", ""United States"", ""Uzbekistan"", ""Vietnam"", ""Yemen""]",NULL,NULL,"[""text"", ""image""]"
"35009639","[""Austria"", ""Canada"", ""Germany"", ""Italy""]","[""EEG""], [{""Modality"": ""EEG"", ""Description"": ""Electroencephalography""}, {""Modality"": ""VR"", ""Description"": ""Virtual reality""}]","[""EEG""]","[{""Modality"": ""EEG"", ""Description"": ""Electroencephalography""}, {""Modality"": ""VR"", ""Description"": ""Virtual reality""}]"
"35118777","[""Belgium"", ""Canada"", ""Germany"", ""Italy"", ""Netherlands"", ""Portugal"", ""Spain"", ""Sweden"", ""Switzerland"", ""United Kingdom""]",NULL,NULL,NULL
"35121948","[""Canada"", ""Germany"", ""Netherlands"", ""United States""]","[""Electronic Health Records (EHRs)"", ""medical notes""], [""health data"", ""medical notes""]","[""Electronic Health Records (EHRs)"", ""medical notes""]","[""health data"", ""medical notes""]"
"35138012","[""Canada"", ""Germany""]","[""Structural Magnetic Resonance Imaging"", ""Angiography""], [""magnetic resonance imaging"", ""angiography""]","[""Structural Magnetic Resonance Imaging"", ""Angiography""]","[""magnetic resonance imaging"", ""angiography""]"
"35210316","[""Canada"", ""Germany"", ""United States""]",NULL,NULL,"[""Imaging"", ""Machine Learning""]"
"35210331","[""Australia"", ""Canada"", ""France"", ""Germany"", ""Jersey"", ""Netherlands"", ""Switzerland"", ""United Kingdom"", ""United States""]","[""Neuroradiology"", ""Radiology"", ""Neurology"", ""Medicine""], [""Neuroradiology"", ""Radiology"", ""Neurology""]","[""Neuroradiology"", ""Radiology"", ""Neurology"", ""Medicine""]","[""Neuroradiology"", ""Radiology"", ""Neurology""]"
"35225756","[""Australia"", ""Austria"", ""Canada"", ""France"", ""Germany"", ""Italy"", ""Japan"", ""Poland"", ""Romania"", ""Spain"", ""Sweden"", ""Switzerland"", ""Taiwan"", ""Turkey"", ""United States""]",NULL,NULL,"[null, null, null, null, null, null]"
"35264564","[""Brazil"", ""Canada"", ""Germany"", ""Israel"", ""Norway"", ""Russia"", ""Slovakia"", ""United States""]",NULL,NULL,NULL
"35269470","[""Brazil"", ""Canada"", ""Germany"", ""Slovakia"", ""United States""]","[""Research"", ""Medical""], [""text"", ""image""]","[""Research"", ""Medical""]","[""text"", ""image""]"
"35294251","[""Canada"", ""Germany"", ""Singapore"", ""United States""]","[""brain functional magnetic resonance imaging"", ""behavioral""], [""fMRI""]","[""brain functional magnetic resonance imaging"", ""behavioral""]","[""fMRI""]"
"35305545","[""Canada"", ""Germany"", ""Spain""]","[""MRI""], [""Image""]","[""MRI""]","[""Image""]"
"35360927","[""Canada"", ""Germany"", ""United Kingdom""]",NULL,NULL,"[""text""]"
"35391789","[""Australia"", ""Canada"", ""Denmark"", ""Finland"", ""Germany"", ""Italy"", ""Switzerland"", ""United Kingdom"", ""United States""]",NULL,NULL,NULL
"35394862","[""Brazil"", ""Canada"", ""China"", ""Czechia"", ""Georgia"", ""Germany"", ""Ghana"", ""India"", ""Italy"", ""Netherlands"", ""Philippines"", ""Switzerland"", ""Turkey"", ""Turkmenistan"", ""United Kingdom"", ""United States""]","[""Text""], []","[""Text""]","[]"
"35474073","[""Belgium"", ""Canada"", ""Czechia"", ""Finland"", ""Germany"", ""Netherlands"", ""Switzerland""]","[""ECG""], [""ECG"", ""Image""]","[""ECG""]","[""ECG"", ""Image""]"
"35562794","[""Austria"", ""Belgium"", ""Canada"", ""China"", ""France"", ""Germany"", ""Ireland"", ""United States""]",NULL,"[""Flow Cytometry""]",NULL
"35616520","[""Canada"", ""France"", ""Germany"", ""United Kingdom"", ""United States""]",NULL,NULL,"[{""modality"": ""None""}, {""modality"": ""Department of Child and Adolescent Psychiatry and Psychotherapy, University Medical Centre Göttingen, Göttingen, Germany.""}]"
"35658811","[""Canada"", ""Germany""]","[""Imaging""], [""Health satisfaction"", ""Subjective social standing""]","[""Imaging""]","[""Health satisfaction"", ""Subjective social standing""]"
"35670996","[""Canada"", ""Germany"", ""United States""]","[""Neurology"", ""Radiology""], [""text""]","[""Neurology"", ""Radiology""]","[""text""]"
"35688143","[""Canada"", ""France"", ""Germany"", ""United States""]","[""Electrocardiograms""], [""ECG"", ""Reduced-lead electrocardiograms""]","[""Electrocardiograms""]","[""ECG"", ""Reduced-lead electrocardiograms""]"
"35878565","[""Canada"", ""France"", ""Germany"", ""Switzerland"", ""United States""]","[""Nonbrain"", ""Structural MRI"", ""Functional connectivity""], [""non-brain data"", ""structural MRI"", ""functional connectivity""]","[""Nonbrain"", ""Structural MRI"", ""Functional connectivity""]","[""non-brain data"", ""structural MRI"", ""functional connectivity""]"
"35912214","[""Canada"", ""Germany"", ""Netherlands""]","[""MRI""], [""Gadolinium-enhanced T1-weighted MRIs""]","[""MRI""]","[""Gadolinium-enhanced T1-weighted MRIs""]"
"35953082","[""Australia"", ""Brazil"", ""Canada"", ""China"", ""Denmark"", ""Finland"", ""Germany"", ""Italy"", ""Spain"", ""Switzerland"", ""United Kingdom"", ""United States""]",NULL,NULL,NULL
"35956358","[""Canada"", ""Germany""]","[""Stool DNA""], [""metagenomic"", ""clinical""]","[""Stool DNA""]","[""metagenomic"", ""clinical""]"
"35970914","[""Canada"", ""Germany"", ""Spain"", ""United States""]","[""Facial phenotyping"", ""Medical records""], [""photos"", ""videos""]","[""Facial phenotyping"", ""Medical records""]","[""photos"", ""videos""]"
"35990802","[""Argentina"", ""Australia"", ""Austria"", ""Bangladesh"", ""Belgium"", ""Brazil"", ""Bulgaria"", ""Canada"", ""Chile"", ""China"", ""Colombia"", ""Croatia"", ""Denmark"", ""Finland"", ""France"", ""Germany"", ""Greece"", ""Hong Kong"", ""Hungary"", ""India"", ""Ireland"", ""Israel"", ""Italy"", ""Japan"", ""Latvia"", ""Malaysia"", ""Mexico"", ""Morocco"", ""Nepal"", ""Netherlands"", ""New Zealand"", ""North Macedonia"", ""Norway"", ""Pakistan"", ""Philippines"", ""Poland"", ""Romania"", ""Russia"", ""Senegal"", ""Serbia"", ""Slovakia"", ""South Africa"", ""Spain"", ""Sweden"", ""Switzerland"", ""Taiwan"", ""Turkey"", ""Ukraine"", ""United Arab Emirates"", ""United Kingdom"", ""United States""]","[""text""], [""Text"", ""Text"", ""Text"", ""Text"", ""Text"", ""Text"", ""Text"", ""Text"", ""Text""]","[""text""]","[""Text"", ""Text"", ""Text"", ""Text"", ""Text"", ""Text"", ""Text"", ""Text"", ""Text""]"
"36071172","[""Australia"", ""Belgium"", ""Brazil"", ""Canada"", ""China"", ""Croatia"", ""Denmark"", ""Faroe Islands"", ""Finland"", ""France"", ""Germany"", ""Iceland"", ""Italy"", ""Netherlands"", ""Norway"", ""Singapore"", ""Sweden"", ""Switzerland"", ""United Kingdom"", ""United States""]",NULL,NULL,"[""image"", ""text""]"
"36104854","[""Canada"", ""France"", ""Germany""]","[""gray matter volumes"", ""resting-state functional connectivity""], [""Brain_Structure_Function_Relationship"", ""Resting-State_Functional_Connectivity""]","[""gray matter volumes"", ""resting-state functional connectivity""]","[""Brain_Structure_Function_Relationship"", ""Resting-State_Functional_Connectivity""]"
"36183654","[""Canada"", ""China"", ""Egypt"", ""Germany"", ""Greece"", ""Hong Kong""]","[""Serum samples"", ""Latent class models""], [{""Modality"": ""Blood samples""}]","[""Serum samples"", ""Latent class models""]","[{""Modality"": ""Blood samples""}]"
"36228649","[""Belgium"", ""Canada"", ""Germany"", ""Ireland"", ""Italy"", ""United Kingdom""]","[""Endoscopy""], [""Video"", ""Image""]","[""Endoscopy""]","[""Video"", ""Image""]"
"36319708","[""Canada"", ""Germany"", ""United States""]","[""Blood serum""], [""NlmCategory"", ""blood serum""]","[""Blood serum""]","[""NlmCategory"", ""blood serum""]"
"36371527","[""Canada"", ""Germany"", ""United States""]","[""Microscopy"", ""Immunohistochemistry"", ""Anatomy"", ""Etiologies"", ""Imaging""], [""Microscopy"", ""Immunohistochemistry"", ""Anatomy""]","[""Microscopy"", ""Immunohistochemistry"", ""Anatomy"", ""Etiologies"", ""Imaging""]","[""Microscopy"", ""Immunohistochemistry"", ""Anatomy""]"
"36470898","[""Australia"", ""Austria"", ""Brazil"", ""Canada"", ""Chile"", ""China"", ""Colombia"", ""Czechia"", ""Ecuador"", ""Egypt"", ""Germany"", ""Greece"", ""India"", ""Iran"", ""Luxembourg"", ""Netherlands"", ""Nigeria"", ""Spain"", ""Switzerland"", ""United Kingdom"", ""United States""]",NULL,NULL,"[{""modality"": ""image""}, {""modality"": ""text""}]"
"36481929","[""Canada"", ""Finland"", ""France"", ""Germany"", ""United Kingdom"", ""United States""]",NULL,NULL,NULL
"36497479","[""Austria"", ""Canada"", ""Germany""]","[""Affymetrix gene expression"", ""FDG-PET signals""], [""gene expression"", ""FDG-PET signals""]","[""Affymetrix gene expression"", ""FDG-PET signals""]","[""gene expression"", ""FDG-PET signals""]"
"36597110","[""Australia"", ""Canada"", ""Germany""]",NULL,"[""mobilization""]",NULL
"36607506","[""Canada"", ""Germany""]","[""MRI"", ""CT""], [""NCCT"", ""FLAIR MRI""]","[""MRI"", ""CT""]","[""NCCT"", ""FLAIR MRI""]"
"36632188","[""Canada"", ""Germany"", ""Switzerland""]","[""Anatomical features"", ""Histological and molecular features""], [""histopathologic"", ""molecular""]","[""Anatomical features"", ""Histological and molecular features""]","[""histopathologic"", ""molecular""]"
"36641812","[""Canada"", ""Germany""]","[""Nailfold video capillaroscopy""], [""Images""]","[""Nailfold video capillaroscopy""]","[""Images""]"
"36716998","[""Australia"", ""Canada"", ""Germany"", ""Greece"", ""Netherlands"", ""Singapore"", ""United Kingdom"", ""United States""]",NULL,"[""Text""]",NULL
"36867224","[""Argentina"", ""Australia"", ""Bangladesh"", ""Belgium"", ""Brazil"", ""Bulgaria"", ""Canada"", ""Chile"", ""Cyprus"", ""Denmark"", ""Egypt"", ""Georgia"", ""Germany"", ""Greece"", ""Israel"", ""Italy"", ""Latvia"", ""Lithuania"", ""Mexico"", ""Netherlands"", ""Nigeria"", ""Pakistan"", ""Peru"", ""Poland"", ""Russia"", ""Serbia"", ""Spain"", ""Turkey"", ""Ukraine"", ""United Kingdom"", ""United States""]",NULL,NULL,NULL
"36921404","[""Australia"", ""Canada"", ""Germany""]","[""functional magnetic resonance imaging"", ""cognitive assessment battery""], [""image"", ""text""]","[""functional magnetic resonance imaging"", ""cognitive assessment battery""]","[""image"", ""text""]"
"37002267","[""Canada"", ""Germany"", ""Korea, Republic of""]","[""anatomical lesion patterns"", ""language performance""], [""Anatomical lesion patterns""]","[""anatomical lesion patterns"", ""language performance""]","[""Anatomical lesion patterns""]"
"37158607","[""Canada"", ""Germany"", ""Netherlands"", ""United States""]","[""time series data""], [{""category"": ""text"", ""subcategory"": null}, {""category"": ""bacterial_abundance_data"", ""subcategory"": null}]","[""time series data""]","[{""category"": ""text"", ""subcategory"": null}, {""category"": ""bacterial_abundance_data"", ""subcategory"": null}]"
"37202113","[""Canada"", ""China"", ""Czechia"", ""Germany"", ""Korea, Republic of"", ""Turkey""]","[""Intracranial""], [""Computed Tomography""]","[""Intracranial""]","[""Computed Tomography""]"
"37219619","[""Belgium"", ""Canada"", ""Germany""]","[""MRI""], [""radiology"", ""rheumatology""]","[""MRI""]","[""radiology"", ""rheumatology""]"
"37231096","[""Canada"", ""Germany"", ""United States""]","[""genetics"", ""single-cell""], [""Text"", ""Image""]","[""genetics"", ""single-cell""]","[""Text"", ""Image""]"
"37257824","[""Canada"", ""Germany"", ""Ireland"", ""Netherlands"", ""Sweden""]","[""Histopathology""], [""Histopathology"", ""Whole slide images""]","[""Histopathology""]","[""Histopathology"", ""Whole slide images""]"
"37292770","[""Canada"", ""Germany"", ""United States""]","[""image"", ""quantitative""], [""Medical Images"", ""Medical Text Reports""]","[""image"", ""quantitative""]","[""Medical Images"", ""Medical Text Reports""]"
"37343696","[""Canada"", ""China"", ""Germany"", ""Switzerland"", ""United Kingdom"", ""United States""]",NULL,"[""Proteomic Dynamics""]",NULL
"37516990","[""Canada"", ""Germany""]","[""Speech""], [""Speech""]","[""Speech""]","[""Speech""]"
"37537362","[""Canada"", ""Germany"", ""Greece"", ""Norway"", ""Sweden""]","[""CT scans"", ""Mass spectrometry imaging""], [""Imaging"", ""Mass Spectrometry""]","[""CT scans"", ""Mass spectrometry imaging""]","[""Imaging"", ""Mass Spectrometry""]"
"37573418","[""Australia"", ""Belgium"", ""Canada"", ""Germany""]","[""nervous system"", ""lumbar spinal tissue"", ""psychosocial factors""], [""nervous system"", ""lumbar spinal tissue"", ""psychosocial factors""]","[""nervous system"", ""lumbar spinal tissue"", ""psychosocial factors""]","[""nervous system"", ""lumbar spinal tissue"", ""psychosocial factors""]"
"37594523","[""Canada"", ""Germany""]","[""MRI"", ""CT""], [""MRI""]","[""MRI"", ""CT""]","[""MRI""]"
"37612309","[""Canada"", ""Germany"", ""Iran"", ""United States""]","[""Image"", ""Photograph""], [""Image""]","[""Image"", ""Photograph""]","[""Image""]"
"37641619","[""Canada"", ""Germany"", ""Spain"", ""Switzerland""]","[""Registry Data"", ""Machine Learning Methods""], [""annualized relapse rates"", ""time to first relapse""]","[""Registry Data"", ""Machine Learning Methods""]","[""annualized relapse rates"", ""time to first relapse""]"
"37855075","[""Canada"", ""Germany""]","[""Functional Magnetic Resonance Imaging""], [""functional magnetic resonance imaging""]","[""Functional Magnetic Resonance Imaging""]","[""functional magnetic resonance imaging""]"
"37858907","[""Australia"", ""Canada"", ""China"", ""Czechia"", ""France"", ""Germany"", ""Israel"", ""Netherlands"", ""United States""]","[""MRI"", ""EEG"", ""Behavioral""], [""Questionnaire"", ""Survey Data""]","[""MRI"", ""EEG"", ""Behavioral""]","[""Questionnaire"", ""Survey Data""]"
"38014199","[""Canada"", ""Germany"", ""Ireland"", ""Switzerland"", ""United Kingdom""]","[""Functional MRI""], [""fMRI""]","[""Functional MRI""]","[""fMRI""]"
"38019168","[""Canada"", ""Germany"", ""United Kingdom"", ""United States""]","[""Demographic"", ""Clinical""], [{""Modality"": ""demographics""}, {""Modality"": ""clinical indicators""}]","[""Demographic"", ""Clinical""]","[{""Modality"": ""demographics""}, {""Modality"": ""clinical indicators""}]"
"38123557","[""Belgium"", ""Brazil"", ""Canada"", ""Denmark"", ""France"", ""Germany"", ""Korea, Republic of"", ""Luxembourg"", ""Netherlands"", ""United Kingdom"", ""United States"", ""Uzbekistan""]","[""Mass Spectrometry""], {""Modality1"": 0.7, ""Modality2"": 0.3}","[""Mass Spectrometry""]","{""Modality1"": 0.7, ""Modality2"": 0.3}"
"38133915","[""Canada"", ""Germany""]",NULL,NULL,"[""Image""]"
"38156913","[""Canada"", ""Germany""]","[""N/A""], [""Text""]","[""N/A""]","[""Text""]"
"38159275","[""Canada"", ""Germany""]","[""brain imaging""], [""Functional magnetic resonance imaging"", ""Structural magnetic resonance imaging""]","[""brain imaging""]","[""Functional magnetic resonance imaging"", ""Structural magnetic resonance imaging""]"
"38185882","[""Canada"", ""Germany""]","[""PET"", ""MRI"", ""ASL""], [""PET"", ""MRI""]","[""PET"", ""MRI"", ""ASL""]","[""PET"", ""MRI""]"
"38193866","[""Canada"", ""Germany"", ""Switzerland"", ""United Kingdom"", ""United States""]","[""Pathology data""], [""histological tumour type"", ""lymphovascular invasion"", ""tumour grade""]","[""Pathology data""]","[""histological tumour type"", ""lymphovascular invasion"", ""tumour grade""]"
"38212349","[""Australia"", ""Canada"", ""Germany"", ""Netherlands"", ""Singapore"", ""South Africa"", ""Spain"", ""Sweden"", ""Turkey"", ""United Kingdom"", ""United States""]",NULL,NULL,"[""Text"", ""Image""]"
"38234807","[""Australia"", ""Belgium"", ""Canada"", ""Cyprus"", ""France"", ""Germany"", ""Greece"", ""Netherlands"", ""Spain"", ""United Kingdom"", ""United States""]",NULL,"[""Whole-Genome Sequencing""]",NULL
"38234857","[""Australia"", ""Canada"", ""Germany"", ""United States""]",NULL,NULL,"[""Image"", ""Text""]"
"38266105","[""Canada"", ""Germany"", ""United States""]","[""Medical""], []","[""Medical""]","[]"
"38324597","[""Argentina"", ""Australia"", ""Brazil"", ""Canada"", ""Egypt"", ""Germany"", ""India"", ""Netherlands"", ""Romania"", ""Saudi Arabia"", ""Slovakia"", ""Switzerland"", ""United States""]",NULL,NULL,"[[""X-Ray""], [""MRI"", ""CT Scan""], null, [""X-Ray"", ""MRI""], [""ECG"", ""EEG""], [""Speech"", ""Text""], [""Video"", ""Audio""], null, null, null, null, null]"
"38326559","[""Brazil"", ""Canada"", ""China"", ""Germany"", ""India"", ""Italy"", ""Japan"", ""Korea, Republic of"", ""Netherlands"", ""Norway"", ""Portugal"", ""Qatar"", ""South Africa"", ""Spain"", ""Switzerland"", ""United Kingdom"", ""United States""]",NULL,NULL,"[""Imaging"", ""Psychiatry""]"
"38332374","[""Canada"", ""China"", ""Denmark"", ""Germany"", ""Japan"", ""Netherlands"", ""Norway"", ""Singapore"", ""South Korea"", ""Spain"", ""Sweden"", ""Switzerland"", ""United Kingdom"", ""United States""]",NULL,"[""brain structural neuroimaging""]",NULL
"38402362","[""Canada"", ""Germany"", ""United States""]","[""EHR"", ""Lab data""], [""text"", ""image""]","[""EHR"", ""Lab data""]","[""text"", ""image""]"
"38444851","[""Brazil"", ""Canada"", ""Germany"", ""Singapore"", ""United Kingdom"", ""United States""]","[""Immunology""], [""text"", ""image""]","[""Immunology""]","[""text"", ""image""]"
"38446766","[""Canada"", ""Germany"", ""Liechtenstein"", ""Maldives"", ""Netherlands"", ""South Africa"", ""Switzerland"", ""United Kingdom"", ""United States""]",NULL,NULL,NULL
"38509230","[""Canada"", ""Germany""]",NULL,"[""Sensorimotor"", ""Cognitive"", ""Global Functioning""]",NULL
"38532015","[""Australia"", ""Canada"", ""China"", ""Finland"", ""France"", ""Germany"", ""Hong Kong"", ""India"", ""Portugal"", ""United States""]","[""Cell""], [""Image"", ""Text""]","[""Cell""]","[""Image"", ""Text""]"
"38537536","[""Canada"", ""Germany""]","[""CT""], [""CT perfusion imaging"", ""MRI"", ""Ultrasound""]","[""CT""]","[""CT perfusion imaging"", ""MRI"", ""Ultrasound""]"
"38544181","[""Canada"", ""Germany"", ""Poland"", ""United States""]","[""Video"", ""Audio""], [""video"", ""audio"", ""physiological data""]","[""Video"", ""Audio""]","[""video"", ""audio"", ""physiological data""]"
"38547927","[""Canada"", ""Germany"", ""Japan"", ""United States""]","[""Endoscopy videos""], [""Video"", ""Text""]","[""Endoscopy videos""]","[""Video"", ""Text""]"
"38604736","[""Canada"", ""Germany"", ""United States""]","[""MR""], {""size"": {""count"": 1}, ""type"": {""count"": null}}","[""MR""]","{""size"": {""count"": 1}, ""type"": {""count"": null}}"
"38664377","[""Australia"", ""Canada"", ""Germany"", ""Norway"", ""United Kingdom""]","[""Structural MRI"", ""Clinical"", ""Sociodemographic"", ""Genetic""], [""MRI"", ""clinical data""]","[""Structural MRI"", ""Clinical"", ""Sociodemographic"", ""Genetic""]","[""MRI"", ""clinical data""]"
"38669487","[""Australia"", ""Canada"", ""China"", ""France"", ""Germany"", ""Korea, Republic of""]","[""Medical Records"", ""Medical Imaging""], [""musculoskeletal""]","[""Medical Records"", ""Medical Imaging""]","[""musculoskeletal""]"
"38707712","[""Canada"", ""Germany"", ""Korea, Republic of"", ""Netherlands"", ""South Korea""]","[""Visual"", ""Auditory"", ""Cognitive""], [""Language"", ""Executive control""]","[""Visual"", ""Auditory"", ""Cognitive""]","[""Language"", ""Executive control""]"
"38727827","[""Austria"", ""Canada"", ""Germany"", ""Italy"", ""Switzerland""]","[""Survey"", ""Electronic Health Records""], []","[""Survey"", ""Electronic Health Records""]","[]"
"38769334","[""Canada"", ""France"", ""Germany"", ""Hungary"", ""Italy"", ""Luxembourg"", ""Netherlands"", ""Spain"", ""United Kingdom""]",NULL,"[""Medical"", ""Pharmacology""]",NULL
"38842257","[""Canada"", ""China"", ""Germany"", ""Israel"", ""Netherlands"", ""Poland"", ""Spain"", ""United Kingdom""]","[""Serum metabolites"", ""Magnetic resonance enterography"", ""Ileocolonoscopy""], [""Serum metabolites""]","[""Serum metabolites"", ""Magnetic resonance enterography"", ""Ileocolonoscopy""]","[""Serum metabolites""]"
"38842593","[""Canada"", ""Germany""]","[""Metabolomics""], [""Metabolomic"", ""Xenobiotic""]","[""Metabolomics""]","[""Metabolomic"", ""Xenobiotic""]"
"38848770","[""Canada"", ""Germany""]","[""Computed Tomography""], [""Image data""]","[""Computed Tomography""]","[""Image data""]"
"38926357","[""Canada"", ""Germany""]","[""Histopathology images"", ""Whole genome sequencing""], [""Histopathology images""]","[""Histopathology images"", ""Whole genome sequencing""]","[""Histopathology images""]"
"39013848","[""Australia"", ""Canada"", ""China"", ""Germany"", ""Italy"", ""Japan"", ""Spain"", ""Switzerland"", ""United Kingdom"", ""United States""]",NULL,"[""Magnetic Resonance"", ""Brain Imaging""]",NULL
"31926806","[""Australia"", ""Brazil"", ""Canada"", ""Germany"", ""Japan"", ""New Zealand"", ""Sweden"", ""Taiwan"", ""United Kingdom"", ""United States""]",NULL,"[null, null, null, null, null]",NULL
